cause,effect,status,obs_lag,obs_rho,obs_n,p_value,null_mean,null_std,n_valid_surrogates,convergence_diagnostic_pass,kendall_tau,kendall_p,completed_at,lake,p_fdr,statistically_significant,lag_resolution,causal_evidence
Evap,P,OK,0,0.14087,329,0.3592814371257485,0.12793780000000002,0.03929028862658049,500,False,0.2777777777777778,0.35848765432098767,2026-08-27T06:48:21,Kalamalka_Lake,0.420329257918703,False,not_significant,False
Evap,R,OK,5,0.36375,329,0.001996007984031936,0.106407,0.04540326427251679,500,True,1.0,5.5114638447971785e-06,2026-08-27T07:00:17,Kalamalka_Lake,0.004960493214753924,True,resolved,True
Evap,RegFlow,OK,1,0.15237,332,0.16966067864271456,0.11251038,0.0419243074558853,500,True,1.0,5.5114638447971785e-06,2026-08-27T06:51:12,Kalamalka_Lake,0.22621423819028608,False,not_significant,False
Evap,SWE,OK,6,0.41586,329,0.001996007984031936,0.12134658000000001,0.04480464757258559,500,True,0.8333333333333334,0.0008542768959435626,2026-08-27T06:59:51,Kalamalka_Lake,0.004960493214753924,True,resolved,True
Evap,T,OK,2,0.12121,326,0.37325349301397204,0.10865498,0.045146121452452594,500,True,0.9444444444444445,4.96031746031746e-05,2026-08-27T07:04:05,Kalamalka_Lake,0.42832368050783676,False,not_significant,False
Evap,WL,OK,1,0.25731,319,0.01996007984031936,0.15796871999999998,0.04358055026685184,500,True,1.0,5.5114638447971785e-06,2026-08-27T06:59:13,Kalamalka_Lake,0.03810560696788241,True,resolved,True
P,Evap,OK,3,0.2808,331,0.001996007984031936,0.11020521999999999,0.037472965478483285,500,True,1.0,5.5114638447971785e-06,2026-08-27T06:57:06,Kalamalka_Lake,0.004960493214753924,True,resolved,True
P,R,OK,5,0.26752,329,0.001996007984031936,0.08293718000000001,0.042467557290802586,500,True,0.9444444444444445,4.96031746031746e-05,2026-08-27T07:02:46,Kalamalka_Lake,0.004960493214753924,True,resolved,True
P,RegFlow,OK,3,0.16071,332,0.06387225548902195,0.0952183,0.03998879832790678,500,True,0.8333333333333334,0.0008542768959435626,2026-08-27T06:58:43,Kalamalka_Lake,0.1016149519143531,False,not_significant,False
P,SWE,OK,1,0.21696,329,0.00998003992015968,0.10820738,0.04211563571092808,500,True,0.6666666666666666,0.012665343915343916,2026-08-27T06:47:16,Kalamalka_Lake,0.020446911055936906,True,resolved,True
P,T,OK,7,0.20592,326,0.01996007984031936,0.10823558,0.04491532340152523,500,True,0.7777777777777778,0.0024250440917107582,2026-08-27T07:00:02,Kalamalka_Lake,0.03810560696788241,True,resolved,True
P,WL,OK,2,0.20871,319,0.041916167664670656,0.13067622,0.039780141004169406,500,True,1.0,5.5114638447971785e-06,2026-08-27T07:03:05,Kalamalka_Lake,0.07098705814178095,False,not_significant,False
R,Evap,OK,-1,0.38169,330,0.003992015968063872,0.11124636,0.0513673249444664,500,True,0.8888888888888888,0.00024250440917107584,2026-08-27T07:08:41,Kalamalka_Lake,0.00877825500830799,True,rejected_reverse,False
R,P,OK,0,0.4075,329,0.001996007984031936,0.13198434,0.04947398176985959,500,True,0.9444444444444445,4.96031746031746e-05,2026-08-27T08:56:48,Kalamalka_Lake,0.004960493214753924,True,unresolved_contemporaneous,True
R,RegFlow,OK,2,0.66223,332,0.001996007984031936,0.16504902000000002,0.05888689020180638,500,True,1.0,5.5114638447971785e-06,2026-08-27T07:00:21,Kalamalka_Lake,0.004960493214753924,True,resolved,True
R,SWE,OK,4,0.69177,329,0.001996007984031936,0.15893896000000002,0.058565703971850284,500,True,1.0,5.5114638447971785e-06,2026-08-27T07:04:17,Kalamalka_Lake,0.004960493214753924,True,resolved,True
R,T,OK,10,0.15821,325,0.3193612774451098,0.13332244,0.052328385326191745,500,True,0.8888888888888888,0.00024250440917107584,2026-08-27T07:03:47,Kalamalka_Lake,0.38766397840157835,False,not_significant,False
R,WL,OK,0,0.48413,319,0.001996007984031936,0.22552536,0.058030897160653995,500,True,0.8888888888888888,0.00024250440917107584,2026-08-27T07:00:26,Kalamalka_Lake,0.004960493214753924,True,unresolved_contemporaneous,True
RegFlow,Evap,OK,-2,0.22597,329,0.011976047904191617,0.075646,0.06271638559100803,500,True,1.0,5.5114638447971785e-06,2026-08-27T07:11:06,Kalamalka_Lake,0.02418240442192538,True,rejected_reverse,False
RegFlow,P,OK,-1,0.49509,328,0.001996007984031936,0.14380218,0.06440949372140414,500,True,0.9444444444444445,4.96031746031746e-05,2026-08-27T06:58:37,Kalamalka_Lake,0.004960493214753924,True,rejected_reverse,False
RegFlow,R,OK,5,0.64373,329,0.001996007984031936,0.1139468,0.07660278644122549,500,True,0.9444444444444445,4.96031746031746e-05,2026-08-27T07:01:16,Kalamalka_Lake,0.004960493214753924,True,resolved,True
RegFlow,SWE,OK,-2,0.51829,327,0.001996007984031936,0.18516981999999998,0.0861649590202862,500,True,1.0,5.5114638447971785e-06,2026-08-27T07:04:59,Kalamalka_Lake,0.004960493214753924,True,rejected_reverse,False
RegFlow,T,OK,-10,0.21694,316,0.33532934131736525,0.18455196,0.0888854466634353,500,True,0.7222222222222222,0.0058862433862433864,2026-08-27T06:48:49,Kalamalka_Lake,0.40010887316276533,False,not_significant,False
RegFlow,WL,OK,2,0.80939,319,0.001996007984031936,0.3085785,0.07177433582799635,500,True,0.8333333333333334,0.0008542768959435626,2026-08-27T06:54:21,Kalamalka_Lake,0.004960493214753924,True,resolved,True
SWE,Evap,OK,1,0.5025,331,0.001996007984031936,0.1098127,0.057880080757631985,500,True,1.0,5.5114638447971785e-06,2026-08-27T06:55:38,Kalamalka_Lake,0.004960493214753924,True,resolved,True
SWE,P,OK,3,0.37604,329,0.001996007984031936,0.1486069,0.061369005158874786,500,True,1.0,5.5114638447971785e-06,2026-08-27T06:47:42,Kalamalka_Lake,0.004960493214753924,True,resolved,True
SWE,R,OK,5,0.74437,329,0.001996007984031936,0.19940778,0.07125542212401524,500,True,1.0,5.5114638447971785e-06,2026-08-27T07:06:12,Kalamalka_Lake,0.004960493214753924,True,resolved,True
SWE,RegFlow,OK,11,0.351,324,0.011976047904191617,0.19922770000000004,0.06742501885583718,500,True,1.0,5.5114638447971785e-06,2026-08-27T07:03:19,Kalamalka_Lake,0.02418240442192538,True,resolved,True
SWE,T,OK,5,0.21389,326,0.1596806387225549,0.14505206,0.07097057285633532,500,True,0.5555555555555556,0.04461529982363316,2026-08-27T07:09:33,Kalamalka_Lake,0.21845559694942365,False,not_significant,False
SWE,WL,OK,3,0.34763,319,0.10179640718562874,0.27319648,0.058713834867172486,500,True,0.9444444444444445,4.96031746031746e-05,2026-08-27T07:08:37,Kalamalka_Lake,0.1479394152870729,False,not_significant,False
T,Evap,OK,3,0.31526,331,0.001996007984031936,0.10582408000000001,0.04292577402160152,500,True,1.0,5.5114638447971785e-06,2026-08-27T06:45:39,Kalamalka_Lake,0.004960493214753924,True,resolved,True
T,P,OK,6,0.22753,329,0.02594810379241517,0.13355656,0.04501901642824285,500,True,1.0,5.5114638447971785e-06,2026-08-27T07:01:42,Kalamalka_Lake,0.04822213979121403,True,resolved,True
T,R,OK,7,0.16253,328,0.05189620758483034,0.07753066,0.04982791624947205,500,True,0.8333333333333334,0.0008542768959435626,2026-08-27T06:58:12,Kalamalka_Lake,0.08514221556886227,False,not_significant,False
T,RegFlow,OK,4,0.10311,331,0.6786427145708582,0.12806202000000003,0.0475759785618709,500,True,1.0,5.5114638447971785e-06,2026-08-27T07:00:43,Kalamalka_Lake,0.6968947191192187,False,not_significant,False
T,SWE,OK,0,0.19549,329,0.0718562874251497,0.12062666,0.04821121725744332,500,True,0.8888888888888888,0.00024250440917107584,2026-08-27T06:52:09,Kalamalka_Lake,0.11095456146530468,False,not_significant,False
T,WL,OK,4,0.17531,318,0.6027944111776448,0.18714124000000001,0.043595883269666645,500,True,0.9444444444444445,4.96031746031746e-05,2026-08-27T08:58:09,Kalamalka_Lake,0.632934131736527,False,not_significant,False
WL,Evap,OK,-2,0.15593,325,0.3333333333333333,0.12880901999999997,0.06796834397599812,500,True,0.8888888888888888,0.00024250440917107584,2026-08-27T07:15:15,Kalamalka_Lake,0.39999999999999997,False,not_significant,False
WL,P,OK,-1,0.29286,324,0.04790419161676647,0.16259942000000002,0.07373358040854655,500,True,0.6666666666666666,0.012665343915343916,2026-08-27T06:57:30,Kalamalka_Lake,0.07952474497645028,False,not_significant,False
WL,R,OK,0,0.43514,325,0.001996007984031936,0.15469774,0.0744315277197264,500,True,0.7222222222222222,0.0058862433862433864,2026-08-27T06:47:02,Kalamalka_Lake,0.004960493214753924,True,unresolved_contemporaneous,True
WL,RegFlow,OK,1,0.63832,328,0.001996007984031936,0.18544069999999999,0.07160015632741314,500,True,0.6666666666666666,0.012665343915343916,2026-08-27T06:50:13,Kalamalka_Lake,0.004960493214753924,True,resolved,True
WL,SWE,OK,-3,0.31663,322,0.059880239520958084,0.1902481,0.07694056690062792,500,True,1.0,5.5114638447971785e-06,2026-08-27T07:11:14,Kalamalka_Lake,0.09635900612567967,False,not_significant,False
WL,T,OK,3,0.24105,322,0.3712574850299401,0.21095026,0.08699022468606687,500,True,0.9444444444444445,4.96031746031746e-05,2026-08-27T06:47:02,Kalamalka_Lake,0.4272003937330818,False,not_significant,False
Evap,P,OK,-11,0.1901,322,0.06187624750499002,0.1246085,0.03968404928872557,500,True,1.0,5.5114638447971785e-06,2026-08-27T08:51:49,Kiskitto_Lake,0.0991909311148695,False,not_significant,False
Evap,R,OK,-4,0.33629,325,0.007984031936127744,0.22343748,0.04320915304943618,500,True,1.0,5.5114638447971785e-06,2026-08-27T08:37:57,Kiskitto_Lake,0.016766467065868262,True,rejected_reverse,False
Evap,RegFlow,OK,1,0.17195,330,0.3193612774451098,0.15298487999999996,0.04234466648098199,500,True,0.7222222222222222,0.0058862433862433864,2026-08-27T08:19:52,Kiskitto_Lake,0.38766397840157835,False,not_significant,False
Evap,SWE,OK,0,0.23027,330,0.00998003992015968,0.10774756,0.04471279048377992,500,True,0.7777777777777778,0.0024250440917107582,2026-08-27T08:41:49,Kiskitto_Lake,0.020446911055936906,True,unresolved_contemporaneous,True
Evap,T,OK,4,0.42899,328,0.001996007984031936,0.13424074000000003,0.04588163334115732,500,True,0.8888888888888888,0.00024250440917107584,2026-08-27T08:21:23,Kiskitto_Lake,0.004960493214753924,True,resolved,True
Evap,WL,OK,6,0.18714,278,0.3812375249500998,0.17648466000000002,0.04243568980568597,500,True,1.0,5.5114638447971785e-06,2026-08-27T08:32:42,Kiskitto_Lake,0.43629362528349297,False,not_significant,False
P,Evap,OK,9,0.22894,326,0.007984031936127744,0.1152563,0.03918038536449074,500,True,1.0,5.5114638447971785e-06,2026-08-27T08:25:38,Kiskitto_Lake,0.016766467065868262,True,resolved,True
P,R,OK,3,0.36016,329,0.001996007984031936,0.13244244,0.038088028608033786,500,True,0.8888888888888888,0.00024250440917107584,2026-08-27T08:27:56,Kiskitto_Lake,0.004960493214753924,True,resolved,True
P,RegFlow,OK,3,0.1248,329,0.4471057884231537,0.123168,0.040459416407061535,500,True,0.7777777777777778,0.0024250440917107582,2026-08-27T08:12:36,Kiskitto_Lake,0.4941695556255909,False,not_significant,False
P,SWE,OK,4,0.14409,330,0.14570858283433133,0.09967218,0.04138937598282438,500,True,0.8888888888888888,0.00024250440917107584,2026-08-27T09:04:44,Kiskitto_Lake,0.20130791049479987,False,not_significant,False
P,T,OK,4,0.13753,328,0.23552894211576847,0.11006152,0.04032378942125356,500,True,0.7777777777777778,0.0024250440917107582,2026-08-27T08:28:59,Kiskitto_Lake,0.3006752452541725,False,not_significant,False
P,WL,OK,1,0.32644,283,0.003992015968063872,0.15937094000000002,0.04050404838675265,500,True,1.0,5.5114638447971785e-06,2026-08-27T08:13:33,Kiskitto_Lake,0.00877825500830799,True,resolved,True
R,Evap,OK,12,0.30845,323,0.03592814371257485,0.14835578,0.08623441032204952,500,False,-0.8888888888888888,0.00024250440917107584,2026-08-27T08:25:37,Kiskitto_Lake,0.06313732367900184,False,not_significant,False
R,P,OK,-2,0.53328,331,0.001996007984031936,0.14594656,0.07468156076145169,500,True,1.0,5.5114638447971785e-06,2026-08-27T08:35:15,Kiskitto_Lake,0.004960493214753924,True,rejected_reverse,False
R,RegFlow,OK,-2,0.32186,328,0.1277445109780439,0.21719138,0.08900528574132888,500,True,0.5555555555555556,0.04461529982363316,2026-08-27T08:27:54,Kiskitto_Lake,0.1782481548530845,False,not_significant,False
R,SWE,OK,-3,0.28743,327,0.0658682634730539,0.15592244,0.0857181859330119,500,True,1.0,5.5114638447971785e-06,2026-08-27T08:19:11,Kiskitto_Lake,0.10361299872165783,False,not_significant,False
R,T,OK,12,0.25814,323,0.16966067864271456,0.17263489999999998,0.083439679223916,500,True,0.9444444444444445,4.96031746031746e-05,2026-08-27T09:02:54,Kiskitto_Lake,0.22621423819028608,False,not_significant,False
R,WL,OK,-1,0.61702,282,0.001996007984031936,0.31765264000000004,0.09807365600726017,500,True,1.0,5.5114638447971785e-06,2026-08-27T08:26:39,Kiskitto_Lake,0.004960493214753924,True,rejected_reverse,False
RegFlow,Evap,OK,-1,0.14695,328,0.3333333333333333,0.11759968,0.06943500649886626,500,False,-0.2222222222222222,0.47670855379188715,2026-08-27T08:27:03,Kiskitto_Lake,0.39999999999999997,False,not_significant,False
RegFlow,P,OK,-12,0.12965,320,0.6087824351297405,0.1445193,0.050437430978490565,500,True,1.0,5.5114638447971785e-06,2026-08-27T09:09:52,Kiskitto_Lake,0.6344630837580422,False,not_significant,False
RegFlow,R,OK,6,0.4063,328,0.3532934131736527,0.38061915999999996,0.06288304349261731,500,True,1.0,5.5114638447971785e-06,2026-08-27T08:42:48,Kiskitto_Lake,0.415639309616062,False,not_significant,False
RegFlow,SWE,OK,1,0.20932,329,0.0718562874251497,0.11621848,0.06319383780472271,500,True,0.9444444444444445,4.96031746031746e-05,2026-08-27T08:36:00,Kiskitto_Lake,0.11095456146530468,False,not_significant,False
RegFlow,T,OK,-11,0.22596,316,0.10179640718562874,0.14664746,0.0651109581541264,500,True,1.0,5.5114638447971785e-06,2026-08-27T08:30:07,Kiskitto_Lake,0.1479394152870729,False,not_significant,False
RegFlow,WL,OK,8,0.34553,275,0.1317365269461078,0.27134836,0.06385372742847828,500,True,0.8888888888888888,0.00024250440917107584,2026-08-27T08:25:03,Kiskitto_Lake,0.18320973946147442,False,not_significant,False
SWE,Evap,OK,0,0.34705,330,0.001996007984031936,0.1557276,0.05689006503283328,500,True,1.0,5.5114638447971785e-06,2026-08-27T08:37:52,Kiskitto_Lake,0.004960493214753924,True,unresolved_contemporaneous,True
SWE,P,OK,-12,0.313,321,0.003992015968063872,0.14710446000000002,0.04803070790138742,500,True,1.0,5.5114638447971785e-06,2026-08-27T08:33:25,Kiskitto_Lake,0.00877825500830799,True,rejected_reverse,False
SWE,R,OK,8,0.38769,327,0.1936127744510978,0.34099616000000005,0.05670038720197949,500,True,1.0,5.5114638447971785e-06,2026-08-27T08:36:30,Kiskitto_Lake,0.25332512545003455,False,not_significant,False
SWE,RegFlow,OK,-10,0.2159,320,0.22954091816367264,0.17574036,0.05249993157586398,500,True,0.9444444444444445,4.96031746031746e-05,2026-08-27T08:22:58,Kiskitto_Lake,0.2948231976414144,False,not_significant,False
SWE,T,OK,2,0.33191,328,0.007984031936127744,0.15955180000000002,0.06074816329371613,500,True,1.0,5.5114638447971785e-06,2026-08-27T08:46:31,Kiskitto_Lake,0.016766467065868262,True,resolved,True
SWE,WL,OK,-8,0.21312,275,0.6487025948103793,0.23842692,0.05933724526900116,500,True,1.0,5.5114638447971785e-06,2026-08-27T08:34:18,Kiskitto_Lake,0.6694228251114479,False,not_significant,False
T,Evap,OK,4,0.34466,330,0.001996007984031936,0.13260952,0.0413823205411393,500,True,0.8888888888888888,0.00024250440917107584,2026-08-27T08:18:43,Kiskitto_Lake,0.004960493214753924,True,resolved,True
T,P,OK,1,0.18125,333,0.08582834331337326,0.1306967,0.03667908476652601,500,True,1.0,5.5114638447971785e-06,2026-08-27T08:31:55,Kiskitto_Lake,0.1287425149700599,False,not_significant,False
T,R,OK,12,0.20629,323,0.2694610778443114,0.18017422,0.04219237461901854,500,True,1.0,5.5114638447971785e-06,2026-08-27T08:13:46,Kiskitto_Lake,0.3388432715407509,False,not_significant,False
T,RegFlow,OK,-7,0.15126,323,0.39520958083832336,0.14173918,0.03665012577232989,500,True,0.9444444444444445,4.96031746031746e-05,2026-08-27T08:19:12,Kiskitto_Lake,0.4474070726471585,False,not_significant,False
T,SWE,OK,2,0.31693,330,0.001996007984031936,0.11801092,0.04139863465808504,500,True,1.0,5.5114638447971785e-06,2026-08-27T08:30:40,Kiskitto_Lake,0.004960493214753924,True,resolved,True
T,WL,OK,-11,0.2025,272,0.23353293413173654,0.17015402,0.044348150329406075,500,True,1.0,5.5114638447971785e-06,2026-08-27T08:25:25,Kiskitto_Lake,0.29903607419307726,False,not_significant,False
WL,Evap,OK,12,0.03568,286,0.9520958083832335,0.1620014,0.08013218373936905,500,False,-0.9444444444444445,4.96031746031746e-05,2026-08-27T08:25:38,Kiskitto_Lake,0.9566512907199953,False,not_significant,False
WL,P,OK,-1,0.24245,295,0.08183632734530938,0.1630558,0.05480581611435049,500,True,0.6666666666666666,0.012665343915343916,2026-08-27T08:11:51,Kiskitto_Lake,0.12453354161242731,False,not_significant,False
WL,R,OK,7,0.65327,291,0.001996007984031936,0.41874278,0.07112236424129613,500,True,1.0,5.5114638447971785e-06,2026-08-27T08:31:21,Kiskitto_Lake,0.004960493214753924,True,resolved,True
WL,RegFlow,OK,1,0.45131,293,0.007984031936127744,0.22021488,0.08564991155036647,500,False,0.1111111111111111,0.761414241622575,2026-08-27T09:03:42,Kiskitto_Lake,0.016766467065868262,False,not_significant,False
WL,SWE,OK,-3,0.17479,290,0.47305389221556887,0.17457336,0.09344708926184057,500,True,1.0,5.5114638447971785e-06,2026-08-27T08:11:17,Kiskitto_Lake,0.5147218516335206,False,not_significant,False
WL,T,OK,10,0.15767,288,0.7624750499001997,0.22035739999999998,0.08502672347938617,500,False,0.3888888888888889,0.18018077601410934,2026-08-27T08:25:23,Kiskitto_Lake,0.7772803906749608,False,not_significant,False
Evap,P,OK,-3,0.17002,323,0.08383233532934131,0.10489542,0.04848987086829166,500,True,0.8333333333333334,0.0008542768959435626,2026-08-27T07:58:28,Lake_of_the_Woods,0.12711040013835145,False,not_significant,False
Evap,R,OK,3,0.22503,332,0.06387225548902195,0.1537316,0.03972202710134517,500,False,0.5,0.07517636684303351,2026-08-27T07:54:06,Lake_of_the_Woods,0.1016149519143531,False,not_significant,False
Evap,RegFlow,OK,-1,0.23765,327,0.01996007984031936,0.14993466,0.040611599871027,500,True,0.8888888888888888,0.00024250440917107584,2026-08-27T08:07:12,Lake_of_the_Woods,0.03810560696788241,True,rejected_reverse,False
Evap,SWE,OK,-4,0.28177,327,0.001996007984031936,0.11987724,0.0449245074495247,500,True,0.9444444444444445,4.96031746031746e-05,2026-08-27T07:53:38,Lake_of_the_Woods,0.004960493214753924,True,rejected_reverse,False
Evap,T,OK,0,0.50654,328,0.001996007984031936,0.13080392000000002,0.04605771688906866,500,True,1.0,5.5114638447971785e-06,2026-08-27T08:01:49,Lake_of_the_Woods,0.004960493214753924,True,unresolved_contemporaneous,True
Evap,WL,OK,3,0.2775,332,0.003992015968063872,0.14945318,0.03713821599495054,500,True,0.9444444444444445,4.96031746031746e-05,2026-08-27T07:54:53,Lake_of_the_Woods,0.00877825500830799,True,resolved,True
P,Evap,OK,4,0.10746,329,0.4491017964071856,0.10283266,0.038731690956171794,500,False,0.3333333333333333,0.25951829805996474,2026-08-27T07:47:36,Lake_of_the_Woods,0.495072846433118,False,not_significant,False
P,R,OK,1,0.43448,333,0.001996007984031936,0.13321494,0.03917193561462594,500,True,0.7777777777777778,0.0024250440917107582,2026-08-27T07:57:26,Lake_of_the_Woods,0.004960493214753924,True,resolved,True
P,RegFlow,OK,2,0.41468,328,0.001996007984031936,0.14908884,0.037488425454457276,500,True,1.0,5.5114638447971785e-06,2026-08-27T07:43:20,Lake_of_the_Woods,0.004960493214753924,True,resolved,True
P,SWE,OK,6,0.12102,329,0.405189620758483,0.11520973999999999,0.03852589349687298,500,True,0.8333333333333334,0.0008542768959435626,2026-08-27T08:01:54,Lake_of_the_Woods,0.45502577732236066,False,not_significant,False
P,T,OK,12,0.05665,323,0.8922155688622755,0.10637044,0.040103928318886664,500,False,0.2777777777777778,0.35848765432098767,2026-08-27T07:42:12,Lake_of_the_Woods,0.9051462292805693,False,not_significant,False
P,WL,OK,2,0.4629,333,0.001996007984031936,0.13989466,0.036968042075343946,500,True,0.8888888888888888,0.00024250440917107584,2026-08-27T07:46:30,Lake_of_the_Woods,0.004960493214753924,True,resolved,True
R,Evap,OK,2,0.55685,329,0.001996007984031936,0.15617613999999996,0.06222757379892293,500,True,1.0,5.5114638447971785e-06,2026-08-27T07:59:41,Lake_of_the_Woods,0.004960493214753924,True,resolved,True
R,P,OK,1,0.64412,326,0.001996007984031936,0.1623766,0.07227794103625254,500,True,1.0,5.5114638447971785e-06,2026-08-27T07:42:10,Lake_of_the_Woods,0.004960493214753924,True,resolved,True
R,RegFlow,OK,1,0.75875,328,0.001996007984031936,0.2488544,0.06275698048695459,500,False,0.4444444444444444,0.11943893298059964,2026-08-27T08:06:24,Lake_of_the_Woods,0.004960493214753924,False,not_significant,False
R,SWE,OK,1,0.45688,331,0.001996007984031936,0.1449579,0.059516648868950944,500,True,1.0,5.5114638447971785e-06,2026-08-27T07:42:37,Lake_of_the_Woods,0.004960493214753924,True,resolved,True
R,T,OK,1,0.38829,328,0.001996007984031936,0.16597654000000003,0.055585002403781544,500,True,0.9444444444444445,4.96031746031746e-05,2026-08-27T07:42:57,Lake_of_the_Woods,0.004960493214753924,True,resolved,True
R,WL,OK,2,0.71042,333,0.001996007984031936,0.23655416,0.0646751245216768,500,True,0.8888888888888888,0.00024250440917107584,2026-08-27T07:48:55,Lake_of_the_Woods,0.004960493214753924,True,resolved,True
RegFlow,Evap,OK,2,0.43979,326,0.001996007984031936,0.15432576,0.07231199912893019,500,True,0.9444444444444445,4.96031746031746e-05,2026-08-27T08:02:34,Lake_of_the_Woods,0.004960493214753924,True,resolved,True
RegFlow,P,OK,1,0.67313,323,0.001996007984031936,0.16507608,0.08839455848995231,500,True,1.0,5.5114638447971785e-06,2026-08-27T07:56:39,Lake_of_the_Woods,0.004960493214753924,True,resolved,True
RegFlow,R,OK,1,0.80271,330,0.001996007984031936,0.18093932000000001,0.06307575178416504,500,True,0.8333333333333334,0.0008542768959435626,2026-08-27T08:02:39,Lake_of_the_Woods,0.004960493214753924,True,resolved,True
RegFlow,SWE,OK,-3,0.41843,325,0.001996007984031936,0.15507769999999999,0.06138856643471975,500,True,0.8333333333333334,0.0008542768959435626,2026-08-27T08:11:45,Lake_of_the_Woods,0.004960493214753924,True,rejected_reverse,False
RegFlow,T,OK,0,0.30229,325,0.027944111776447105,0.16405934000000003,0.06474748806991976,500,True,0.9444444444444445,4.96031746031746e-05,2026-08-27T07:53:11,Lake_of_the_Woods,0.05147599537766572,False,not_significant,False
RegFlow,WL,OK,0,0.84379,330,0.001996007984031936,0.2495395,0.061356957939177524,500,True,0.8333333333333334,0.0008542768959435626,2026-08-27T08:13:45,Lake_of_the_Woods,0.004960493214753924,True,unresolved_contemporaneous,True
SWE,Evap,OK,6,0.47105,329,0.001996007984031936,0.14347582,0.06293321047529357,500,True,0.9444444444444445,4.96031746031746e-05,2026-08-27T07:44:32,Lake_of_the_Woods,0.004960493214753924,True,resolved,True
SWE,P,OK,0,0.44667,326,0.001996007984031936,0.15435956,0.07050148155185394,500,True,1.0,5.5114638447971785e-06,2026-08-27T08:06:03,Lake_of_the_Woods,0.004960493214753924,True,unresolved_contemporaneous,True
SWE,R,OK,4,0.50893,331,0.001996007984031936,0.18156078,0.05543328028171885,500,True,1.0,5.5114638447971785e-06,2026-08-27T09:05:27,Lake_of_the_Woods,0.004960493214753924,True,resolved,True
SWE,RegFlow,OK,2,0.35538,328,0.033932135728542916,0.21833004,0.0699227116007267,500,True,0.8888888888888888,0.00024250440917107584,2026-08-27T07:58:36,Lake_of_the_Woods,0.06064466811058734,False,not_significant,False
SWE,T,OK,4,0.56763,328,0.001996007984031936,0.20204600000000003,0.07769924150208932,500,True,0.9444444444444445,4.96031746031746e-05,2026-08-27T08:06:50,Lake_of_the_Woods,0.004960493214753924,True,resolved,True
SWE,WL,OK,-4,0.14642,329,0.908183632734531,0.22636794000000005,0.06439576788855306,500,True,0.9444444444444445,4.96031746031746e-05,2026-08-27T07:59:26,Lake_of_the_Woods,0.9191256042132602,False,not_significant,False
T,Evap,OK,3,0.48414,329,0.001996007984031936,0.13466776,0.046514032534090186,500,True,1.0,5.5114638447971785e-06,2026-08-27T07:48:29,Lake_of_the_Woods,0.004960493214753924,True,resolved,True
T,P,OK,0,0.16963,326,0.16167664670658682,0.11444364,0.05504399381177205,500,True,0.9444444444444445,4.96031746031746e-05,2026-08-27T07:39:31,Lake_of_the_Woods,0.22046815459989114,False,not_significant,False
T,R,OK,6,0.21655,329,0.08782435129740519,0.15894696,0.040634199344374934,500,True,0.9444444444444445,4.96031746031746e-05,2026-08-27T07:41:07,Lake_of_the_Woods,0.1312677136829544,False,not_significant,False
T,RegFlow,OK,2,0.13442,328,0.8203592814371258,0.17189,0.042869949330504226,500,True,1.0,5.5114638447971785e-06,2026-08-27T08:01:28,Lake_of_the_Woods,0.8342636760377551,False,not_significant,False
T,SWE,OK,2,0.3143,331,0.001996007984031936,0.13363066,0.042756232670388535,500,True,0.8888888888888888,0.00024250440917107584,2026-08-27T07:39:00,Lake_of_the_Woods,0.004960493214753924,True,resolved,True
T,WL,OK,7,0.15628,328,0.4550898203592814,0.15412482,0.04126604024337203,500,True,0.7222222222222222,0.0058862433862433864,2026-08-27T07:43:41,Lake_of_the_Woods,0.5003605354735555,False,not_significant,False
WL,Evap,OK,1,0.43047,329,0.001996007984031936,0.14942982000000002,0.07087503213521389,500,True,0.8888888888888888,0.00024250440917107584,2026-08-27T07:42:28,Lake_of_the_Woods,0.004960493214753924,True,resolved,True
WL,P,OK,1,0.68129,326,0.001996007984031936,0.16565394,0.10372120683002295,500,True,0.9444444444444445,4.96031746031746e-05,2026-08-27T07:45:13,Lake_of_the_Woods,0.004960493214753924,True,resolved,True
WL,R,OK,1,0.75983,333,0.001996007984031936,0.18511912,0.06927544888649657,500,True,1.0,5.5114638447971785e-06,2026-08-27T07:36:18,Lake_of_the_Woods,0.004960493214753924,True,resolved,True
WL,RegFlow,OK,2,0.80937,328,0.001996007984031936,0.25986976,0.06849911757637758,500,True,0.611111111111111,0.02474096119929453,2026-08-27T07:57:34,Lake_of_the_Woods,0.004960493214753924,True,resolved,True
WL,SWE,OK,-3,0.21392,328,0.16766467065868262,0.15482907999999998,0.06525364986231497,500,True,0.8888888888888888,0.00024250440917107584,2026-08-27T07:38:14,Lake_of_the_Woods,0.2257024412713035,False,not_significant,False
WL,T,OK,0,0.17054,328,0.5249500998003992,0.17785684,0.07048554711438651,500,True,0.5555555555555556,0.04461529982363316,2026-08-27T09:17:58,Lake_of_the_Woods,0.558174789661184,False,not_significant,False
Evap,P,OK,0,0.07546,330,0.9620758483033932,0.1386473,0.038596695600919,500,False,-0.2222222222222222,0.47670855379188715,2026-08-27T07:04:31,Okanagan_Lake,0.9643719720463607,False,not_significant,False
Evap,R,OK,5,0.39454,330,0.001996007984031936,0.12682464,0.04353544131016016,500,True,1.0,5.5114638447971785e-06,2026-08-27T07:04:19,Okanagan_Lake,0.004960493214753924,True,resolved,True
Evap,RegFlow,OK,7,0.11779,328,0.3932135728542914,0.1114242,0.041367900492531647,500,True,1.0,5.5114638447971785e-06,2026-08-27T07:06:42,Okanagan_Lake,0.4463505421589254,False,not_significant,False
Evap,SWE,OK,5,0.32441,330,0.001996007984031936,0.132083,0.04375126656680924,500,True,0.9444444444444445,4.96031746031746e-05,2026-08-27T09:19:12,Okanagan_Lake,0.004960493214753924,True,resolved,True
Evap,T,OK,0,0.18586,327,0.06986027944111776,0.11521729999999998,0.04396943852393387,500,True,0.8333333333333334,0.0008542768959435626,2026-08-27T07:06:00,Okanagan_Lake,0.10907552923891994,False,not_significant,False
Evap,WL,OK,-1,0.19492,333,0.20159680638722555,0.16513402000000002,0.04045730400854214,500,True,0.9444444444444445,4.96031746031746e-05,2026-08-27T09:01:32,Okanagan_Lake,0.2621382621753397,False,not_significant,False
P,Evap,OK,5,0.2026,328,0.015968063872255488,0.10535130000000001,0.04089635748706723,500,True,1.0,5.5114638447971785e-06,2026-08-27T06:59:01,Okanagan_Lake,0.031634843520506155,True,resolved,True
P,R,OK,3,0.22261,331,0.003992015968063872,0.10506872000000002,0.04025970417628028,500,True,1.0,5.5114638447971785e-06,2026-08-27T06:57:06,Okanagan_Lake,0.00877825500830799,True,resolved,True
P,RegFlow,OK,4,0.31943,330,0.001996007984031936,0.11438203999999999,0.04328672655027636,500,True,0.9444444444444445,4.96031746031746e-05,2026-08-27T07:02:59,Okanagan_Lake,0.004960493214753924,True,resolved,True
P,SWE,OK,4,0.24477,330,0.003992015968063872,0.11177374000000001,0.04397577935878339,500,True,0.9444444444444445,4.96031746031746e-05,2026-08-27T07:00:10,Okanagan_Lake,0.00877825500830799,True,resolved,True
P,T,OK,5,0.23841,327,0.003992015968063872,0.1095865,0.046742032398581046,500,True,0.8333333333333334,0.0008542768959435626,2026-08-27T06:46:45,Okanagan_Lake,0.00877825500830799,True,resolved,True
P,WL,OK,2,0.21783,333,0.041916167664670656,0.15296594,0.036450923155887285,500,True,0.8333333333333334,0.0008542768959435626,2026-08-27T06:51:17,Okanagan_Lake,0.07098705814178095,False,not_significant,False
R,Evap,OK,3,0.33431,328,0.001996007984031936,0.10417102,0.0450873489613173,500,True,0.8333333333333334,0.0008542768959435626,2026-08-27T06:58:07,Okanagan_Lake,0.004960493214753924,True,resolved,True
R,P,OK,-1,0.28173,329,0.007984031936127744,0.13026501999999998,0.04662356010215865,500,False,-0.05555555555555555,0.919455467372134,2026-08-27T06:58:20,Okanagan_Lake,0.016766467065868262,False,not_significant,False
R,RegFlow,OK,5,0.54087,330,0.001996007984031936,0.1353101,0.054972605317466984,500,True,0.5555555555555556,0.04461529982363316,2026-08-27T07:03:18,Okanagan_Lake,0.004960493214753924,True,resolved,True
R,SWE,OK,2,0.70473,330,0.001996007984031936,0.15135469999999998,0.060716486796503634,500,True,0.9444444444444445,4.96031746031746e-05,2026-08-27T06:49:02,Okanagan_Lake,0.004960493214753924,True,resolved,True
R,T,OK,-1,0.16045,326,0.18163672654690619,0.11729328,0.04729665519718704,500,True,0.9444444444444445,4.96031746031746e-05,2026-08-27T06:56:30,Okanagan_Lake,0.23989756336383836,False,not_significant,False
R,WL,OK,0,0.38913,334,0.003992015968063872,0.17954844,0.05573056817910975,500,True,0.9444444444444445,4.96031746031746e-05,2026-08-27T06:50:42,Okanagan_Lake,0.00877825500830799,True,unresolved_contemporaneous,True
RegFlow,Evap,OK,-2,0.22864,326,0.0658682634730539,0.13058784,0.06557559560792718,500,True,1.0,5.5114638447971785e-06,2026-08-27T08:56:38,Okanagan_Lake,0.10361299872165783,False,not_significant,False
RegFlow,P,OK,-1,0.58369,329,0.001996007984031936,0.16474774,0.06367509949338439,500,True,1.0,5.5114638447971785e-06,2026-08-27T09:03:26,Okanagan_Lake,0.004960493214753924,True,rejected_reverse,False
RegFlow,R,OK,2,0.62672,331,0.001996007984031936,0.16003086000000002,0.06575157890621638,500,False,0.1111111111111111,0.761414241622575,2026-08-27T07:01:26,Okanagan_Lake,0.004960493214753924,False,not_significant,False
RegFlow,SWE,OK,-1,0.55334,329,0.001996007984031936,0.18406724,0.07688123983900365,500,True,0.9444444444444445,4.96031746031746e-05,2026-08-27T07:36:55,Okanagan_Lake,0.004960493214753924,True,rejected_reverse,False
RegFlow,T,OK,-8,0.25917,319,0.11177644710578842,0.16782484,0.06993446079705198,500,True,0.9444444444444445,4.96031746031746e-05,2026-08-27T06:47:14,Okanagan_Lake,0.15860171548794302,False,not_significant,False
RegFlow,WL,OK,1,0.46411,334,0.001996007984031936,0.21486606,0.05298781004605116,500,True,0.7222222222222222,0.0058862433862433864,2026-08-27T06:46:17,Okanagan_Lake,0.004960493214753924,True,resolved,True
SWE,Evap,OK,1,0.35066,328,0.001996007984031936,0.07630070000000001,0.061518689554557325,500,True,1.0,5.5114638447971785e-06,2026-08-27T06:57:56,Okanagan_Lake,0.004960493214753924,True,resolved,True
SWE,P,OK,0,0.38535,330,0.001996007984031936,0.1592492,0.05998592618406421,500,True,0.8888888888888888,0.00024250440917107584,2026-08-27T06:59:02,Okanagan_Lake,0.004960493214753924,True,unresolved_contemporaneous,True
SWE,R,OK,4,0.71973,331,0.001996007984031936,0.2135228,0.07352293734719799,500,True,1.0,5.5114638447971785e-06,2026-08-27T06:50:05,Okanagan_Lake,0.004960493214753924,True,resolved,True
SWE,RegFlow,OK,2,0.55295,330,0.001996007984031936,0.19121030000000003,0.06591779805568447,500,True,0.7777777777777778,0.0024250440917107582,2026-08-27T06:59:08,Okanagan_Lake,0.004960493214753924,True,resolved,True
SWE,T,OK,2,0.26454,327,0.0658682634730539,0.1518609,0.07501176997638438,500,False,0.2777777777777778,0.35848765432098767,2026-08-27T07:05:26,Okanagan_Lake,0.10361299872165783,False,not_significant,False
SWE,WL,OK,-4,0.30752,330,0.08582834331337326,0.22220484,0.056102380984895825,500,True,1.0,5.5114638447971785e-06,2026-08-27T06:50:49,Okanagan_Lake,0.1287425149700599,False,not_significant,False
T,Evap,OK,2,0.27266,328,0.001996007984031936,0.10856682000000001,0.04600257910256337,500,True,1.0,5.5114638447971785e-06,2026-08-27T06:59:31,Okanagan_Lake,0.004960493214753924,True,resolved,True
T,P,OK,3,0.18729,330,0.14770459081836326,0.13869363999999998,0.04563807753127207,500,True,0.9444444444444445,4.96031746031746e-05,2026-08-27T07:03:44,Okanagan_Lake,0.2033964857170904,False,not_significant,False
T,R,OK,5,0.15675,330,0.16766467065868262,0.11591138000000001,0.04570163897165615,500,True,0.5555555555555556,0.04461529982363316,2026-08-27T06:57:12,Okanagan_Lake,0.2257024412713035,False,not_significant,False
T,RegFlow,OK,-11,0.10148,319,0.7105788423153693,0.1277548,0.045870581986279614,500,True,0.9444444444444445,4.96031746031746e-05,2026-08-27T08:56:18,Okanagan_Lake,0.7279100335913539,False,not_significant,False
T,SWE,OK,4,0.19181,330,0.10778443113772455,0.12597028,0.05346890687045697,500,True,0.8333333333333334,0.0008542768959435626,2026-08-27T07:08:17,Okanagan_Lake,0.15450328012916148,False,not_significant,False
T,WL,OK,-9,0.16103,325,0.5289421157684631,0.16643799999999997,0.03955142287200297,500,True,1.0,5.5114638447971785e-06,2026-08-27T07:01:57,Okanagan_Lake,0.5609992136938244,False,not_significant,False
WL,Evap,OK,-3,0.1457,325,0.4411177644710579,0.13596612,0.06710361151343197,500,True,0.9444444444444445,4.96031746031746e-05,2026-08-27T07:02:26,Okanagan_Lake,0.4901308494122865,False,not_significant,False
WL,P,OK,-1,0.28495,329,0.04790419161676647,0.15782510000000002,0.06800706849578211,500,False,0.05555555555555555,0.919455467372134,2026-08-27T07:05:46,Okanagan_Lake,0.07952474497645028,False,not_significant,False
WL,R,OK,2,0.45628,331,0.001996007984031936,0.16773584,0.06653015525830674,500,True,0.8888888888888888,0.00024250440917107584,2026-08-27T07:02:41,Okanagan_Lake,0.004960493214753924,True,resolved,True
WL,RegFlow,OK,5,0.57326,330,0.001996007984031936,0.19263774,0.0724468808568899,500,True,1.0,5.5114638447971785e-06,2026-08-27T07:14:18,Okanagan_Lake,0.004960493214753924,True,resolved,True
WL,SWE,OK,-4,0.30826,326,0.03992015968063872,0.1766963,0.07527319238952204,500,True,1.0,5.5114638447971785e-06,2026-08-27T06:55:49,Okanagan_Lake,0.06843455945252352,False,not_significant,False
WL,T,OK,1,0.22538,327,0.2834331337325349,0.17411298,0.08257829542270535,500,True,1.0,5.5114638447971785e-06,2026-08-27T06:45:18,Okanagan_Lake,0.3501232828460725,False,not_significant,False
Evap,P,OK,10,0.19676,325,0.01996007984031936,0.10361884,0.037090052799293775,500,True,1.0,5.5114638447971785e-06,2026-08-27T08:19:06,Playgreen_Lake,0.03810560696788241,True,resolved,True
Evap,R,OK,6,0.15546,329,0.3473053892215569,0.14272379999999998,0.04170636983915047,500,False,0.5,0.07517636684303351,2026-08-27T08:23:31,Playgreen_Lake,0.41089651682550393,False,not_significant,False
Evap,RegFlow,OK,1,0.16939,330,0.3592814371257485,0.15276376,0.04141230625626156,500,True,0.8333333333333334,0.0008542768959435626,2026-08-27T08:10:11,Playgreen_Lake,0.420329257918703,False,not_significant,False
Evap,SWE,OK,4,0.18961,329,0.059880239520958084,0.1077226,0.04899080774226936,500,True,0.8888888888888888,0.00024250440917107584,2026-08-27T08:10:19,Playgreen_Lake,0.09635900612567967,False,not_significant,False
Evap,T,OK,1,0.46673,333,0.001996007984031936,0.14430078,0.04049063490230303,500,True,0.8888888888888888,0.00024250440917107584,2026-08-27T08:33:13,Playgreen_Lake,0.004960493214753924,True,resolved,True
Evap,WL,OK,-12,0.18909,288,0.36327345309381237,0.17601906,0.0397557111484174,500,True,1.0,5.5114638447971785e-06,2026-08-27T08:20:15,Playgreen_Lake,0.42264501467978166,False,not_significant,False
P,Evap,OK,9,0.20485,326,0.001996007984031936,0.0892277,0.03937245782155339,500,True,1.0,5.5114638447971785e-06,2026-08-27T08:03:43,Playgreen_Lake,0.004960493214753924,True,resolved,True
P,R,OK,2,0.40118,332,0.001996007984031936,0.12786086,0.03750995700158026,500,True,0.7777777777777778,0.0024250440917107582,2026-08-27T08:22:04,Playgreen_Lake,0.004960493214753924,True,resolved,True
P,RegFlow,OK,2,0.26798,330,0.001996007984031936,0.1308517,0.03661474836879259,500,True,0.9444444444444445,4.96031746031746e-05,2026-08-27T08:22:09,Playgreen_Lake,0.004960493214753924,True,resolved,True
P,SWE,OK,-6,0.08282,323,0.7504990019960079,0.11116936000000001,0.04137437173408679,500,True,0.8888888888888888,0.00024250440917107584,2026-08-27T08:19:34,Playgreen_Lake,0.766933286711249,False,not_significant,False
P,T,OK,1,0.20819,333,0.05189620758483034,0.13690607999999999,0.03708995096024798,500,True,0.9444444444444445,4.96031746031746e-05,2026-08-27T08:04:52,Playgreen_Lake,0.08514221556886227,False,not_significant,False
P,WL,OK,6,0.32978,289,0.001996007984031936,0.15369402,0.041646978114139324,500,True,1.0,5.5114638447971785e-06,2026-08-27T08:03:23,Playgreen_Lake,0.004960493214753924,True,resolved,True
R,Evap,OK,0,0.29113,328,0.017964071856287425,0.13499904,0.06524485706841882,500,True,1.0,5.5114638447971785e-06,2026-08-27T08:19:41,Playgreen_Lake,0.03509260548670102,True,unresolved_contemporaneous,True
R,P,OK,0,0.52697,331,0.001996007984031936,0.13067421999999998,0.05094279119553227,500,True,1.0,5.5114638447971785e-06,2026-08-27T08:30:40,Playgreen_Lake,0.004960493214753924,True,unresolved_contemporaneous,True
R,RegFlow,OK,3,0.68552,329,0.001996007984031936,0.19851864,0.0552013007287908,500,True,1.0,5.5114638447971785e-06,2026-08-27T08:05:52,Playgreen_Lake,0.004960493214753924,True,resolved,True
R,SWE,OK,-3,0.46194,326,0.001996007984031936,0.15911840000000002,0.058978123451327275,500,True,0.9444444444444445,4.96031746031746e-05,2026-08-27T08:19:39,Playgreen_Lake,0.004960493214753924,True,rejected_reverse,False
R,T,OK,1,0.14244,333,0.3852295409181637,0.13515805999999997,0.04360553864862123,500,True,0.6666666666666666,0.012665343915343916,2026-08-27T08:19:07,Playgreen_Lake,0.4384726481995359,False,not_significant,False
R,WL,OK,1,0.53112,294,0.001996007984031936,0.20402375999999997,0.05298461325953413,500,True,1.0,5.5114638447971785e-06,2026-08-27T08:06:10,Playgreen_Lake,0.004960493214753924,True,resolved,True
RegFlow,Evap,OK,12,0.2039,322,0.2754491017964072,0.15785096,0.0833234174759917,500,True,0.611111111111111,0.02474096119929453,2026-08-27T08:11:21,Playgreen_Lake,0.34227403181802074,False,not_significant,False
RegFlow,P,OK,-4,0.38335,326,0.001996007984031936,0.11374124000000001,0.06228811589430523,500,True,1.0,5.5114638447971785e-06,2026-08-27T08:23:47,Playgreen_Lake,0.004960493214753924,True,rejected_reverse,False
RegFlow,R,OK,0,0.69817,331,0.001996007984031936,0.21305748,0.07145541913983572,500,True,1.0,5.5114638447971785e-06,2026-08-27T08:28:28,Playgreen_Lake,0.004960493214753924,True,unresolved_contemporaneous,True
RegFlow,SWE,OK,-4,0.38489,324,0.001996007984031936,0.15280942,0.06711429616306498,500,True,0.9444444444444445,4.96031746031746e-05,2026-08-27T08:10:19,Playgreen_Lake,0.004960493214753924,True,rejected_reverse,False
RegFlow,T,OK,11,0.30303,323,0.003992015968063872,0.13668526,0.04937936256506761,500,True,1.0,5.5114638447971785e-06,2026-08-27T08:25:03,Playgreen_Lake,0.00877825500830799,True,resolved,True
RegFlow,WL,OK,0,0.60737,293,0.001996007984031936,0.2207185,0.061988688364491146,500,True,0.8888888888888888,0.00024250440917107584,2026-08-27T08:09:49,Playgreen_Lake,0.004960493214753924,True,unresolved_contemporaneous,True
SWE,Evap,OK,2,0.39872,328,0.007984031936127744,0.1815349,0.07193328529818446,500,True,0.9444444444444445,4.96031746031746e-05,2026-08-27T10:01:14,Playgreen_Lake,0.016766467065868262,True,resolved,True
SWE,P,OK,-1,0.34158,330,0.003992015968063872,0.13563744,0.05285436823051052,500,True,0.9444444444444445,4.96031746031746e-05,2026-08-27T08:26:54,Playgreen_Lake,0.00877825500830799,True,rejected_reverse,False
SWE,R,OK,6,0.44978,329,0.001996007984031936,0.16958882,0.06401552093053371,500,True,1.0,5.5114638447971785e-06,2026-08-27T08:10:33,Playgreen_Lake,0.004960493214753924,True,resolved,True
SWE,RegFlow,OK,6,0.22986,326,0.2714570858283433,0.19243938,0.0642743140999233,500,True,0.5555555555555556,0.04461529982363316,2026-08-27T08:22:17,Playgreen_Lake,0.3393213572854291,False,not_significant,False
SWE,T,OK,0,0.38591,333,0.001996007984031936,0.1671027,0.05876234222110279,500,False,0.16666666666666666,0.612202380952381,2026-08-27T08:05:42,Playgreen_Lake,0.004960493214753924,False,not_significant,False
SWE,WL,OK,-10,0.23442,288,0.405189620758483,0.2239426,0.06874550157821237,500,True,0.8888888888888888,0.00024250440917107584,2026-08-27T08:17:17,Playgreen_Lake,0.45502577732236066,False,not_significant,False
T,Evap,OK,2,0.34839,328,0.001996007984031936,0.14442016000000002,0.046960514230302036,500,True,0.7222222222222222,0.0058862433862433864,2026-08-27T08:27:27,Playgreen_Lake,0.004960493214753924,True,resolved,True
T,P,OK,2,0.13789,331,0.29740518962075846,0.12035230000000001,0.037007413437174994,500,True,0.9444444444444445,4.96031746031746e-05,2026-08-27T08:13:59,Playgreen_Lake,0.3641696199437859,False,not_significant,False
T,R,OK,-10,0.20921,322,0.04790419161676647,0.1346138,0.03963015703678197,500,True,0.8888888888888888,0.00024250440917107584,2026-08-27T08:14:43,Playgreen_Lake,0.07952474497645028,False,not_significant,False
T,RegFlow,OK,-7,0.15783,323,0.3373253493013972,0.1428023,0.036528335698605266,500,True,0.9444444444444445,4.96031746031746e-05,2026-08-27T08:20:46,Playgreen_Lake,0.4013502739563366,False,not_significant,False
T,SWE,OK,2,0.45816,329,0.001996007984031936,0.12289658,0.050287619714036974,500,True,1.0,5.5114638447971785e-06,2026-08-27T08:19:59,Playgreen_Lake,0.004960493214753924,True,resolved,True
T,WL,OK,-10,0.22736,288,0.08582834331337326,0.1692569,0.041957003446266274,500,True,0.8333333333333334,0.0008542768959435626,2026-08-27T08:16:21,Playgreen_Lake,0.1287425149700599,False,not_significant,False
WL,Evap,OK,12,0.25825,299,0.18962075848303392,0.17928268,0.09063801211863376,500,False,0.2222222222222222,0.47670855379188715,2026-08-27T08:18:09,Playgreen_Lake,0.24887724550898202,False,not_significant,False
WL,P,OK,-2,0.32164,300,0.003992015968063872,0.12381287999999997,0.06309905623149684,500,True,0.8333333333333334,0.0008542768959435626,2026-08-27T08:12:18,Playgreen_Lake,0.00877825500830799,True,rejected_reverse,False
WL,R,OK,0,0.68396,303,0.001996007984031936,0.2000793,0.07311180741651789,500,True,0.5555555555555556,0.04461529982363316,2026-08-27T07:57:32,Playgreen_Lake,0.004960493214753924,True,unresolved_contemporaneous,True
WL,RegFlow,OK,2,0.75774,302,0.001996007984031936,0.22961615999999999,0.07139274754801359,500,True,0.9444444444444445,4.96031746031746e-05,2026-08-27T08:03:43,Playgreen_Lake,0.004960493214753924,True,resolved,True
WL,SWE,OK,7,0.21283,300,0.5728542914171657,0.23374364,0.09085851809241884,500,True,0.9444444444444445,4.96031746031746e-05,2026-08-27T08:12:38,Playgreen_Lake,0.6060423234136262,False,not_significant,False
WL,T,OK,12,0.25626,299,0.04790419161676647,0.15273774000000004,0.059020698720808104,500,True,0.9444444444444445,4.96031746031746e-05,2026-08-27T08:10:51,Playgreen_Lake,0.07952474497645028,False,not_significant,False
Evap,P,OK,-4,0.21858,322,0.05189620758483034,0.1266063,0.0506248811446506,500,True,1.0,5.5114638447971785e-06,2026-08-27T07:57:09,Rainy_Lake,0.08514221556886227,False,not_significant,False
Evap,R,OK,2,0.29874,331,0.013972055888223553,0.17318018,0.04728332765962649,500,True,0.5555555555555556,0.04461529982363316,2026-08-27T09:19:50,Rainy_Lake,0.027944111776447105,True,resolved,True
Evap,RegFlow,OK,2,0.26918,321,0.013972055888223553,0.16026144,0.047138330767289585,500,True,0.9444444444444445,4.96031746031746e-05,2026-08-27T07:53:15,Rainy_Lake,0.027944111776447105,True,resolved,True
Evap,SWE,OK,3,0.31701,330,0.003992015968063872,0.13732798,0.04582644904986202,500,True,1.0,5.5114638447971785e-06,2026-08-27T07:54:13,Rainy_Lake,0.00877825500830799,True,resolved,True
Evap,T,OK,-1,0.47753,328,0.001996007984031936,0.15498115999999998,0.052285054398502825,500,True,0.7222222222222222,0.0058862433862433864,2026-08-27T07:49:11,Rainy_Lake,0.004960493214753924,True,rejected_reverse,False
Evap,WL,OK,3,0.18547,332,0.20758483033932135,0.15056830000000002,0.04473101478515774,500,False,-0.1111111111111111,0.761414241622575,2026-08-27T07:48:20,Rainy_Lake,0.2682634730538922,False,not_significant,False
P,Evap,OK,4,0.15085,328,0.1377245508982036,0.1070798,0.042852675127230976,500,True,0.8888888888888888,0.00024250440917107584,2026-08-27T07:48:41,Rainy_Lake,0.19090531807671784,False,not_significant,False
P,R,OK,3,0.50218,331,0.001996007984031936,0.1236811,0.040985280399065224,500,True,0.9444444444444445,4.96031746031746e-05,2026-08-27T07:42:17,Rainy_Lake,0.004960493214753924,True,resolved,True
P,RegFlow,OK,1,0.43642,321,0.001996007984031936,0.12106794,0.04280648753117219,500,True,0.611111111111111,0.02474096119929453,2026-08-27T07:42:05,Rainy_Lake,0.004960493214753924,True,resolved,True
P,SWE,OK,7,0.12153,328,0.36926147704590817,0.10953858,0.03827115623787188,500,True,0.9444444444444445,4.96031746031746e-05,2026-08-27T07:47:43,Rainy_Lake,0.4272003937330818,False,not_significant,False
P,T,OK,5,0.11878,329,0.45708582834331335,0.11607572,0.04209208672994961,500,True,0.9444444444444445,4.96031746031746e-05,2026-08-27T07:31:33,Rainy_Lake,0.5012429449195603,False,not_significant,False
P,WL,OK,1,0.18812,333,0.08183632734530938,0.13310577999999998,0.03703742073081764,500,True,0.7777777777777778,0.0024250440917107582,2026-08-27T07:47:39,Rainy_Lake,0.12453354161242731,False,not_significant,False
R,Evap,OK,2,0.55251,328,0.001996007984031936,0.17423383999999997,0.06748383013473969,500,True,0.9444444444444445,4.96031746031746e-05,2026-08-27T07:58:09,Rainy_Lake,0.004960493214753924,True,resolved,True
R,P,OK,2,0.65637,326,0.001996007984031936,0.16595816000000002,0.06507077544500603,500,True,1.0,5.5114638447971785e-06,2026-08-27T07:46:54,Rainy_Lake,0.004960493214753924,True,resolved,True
R,RegFlow,OK,1,0.79256,321,0.001996007984031936,0.20120049999999998,0.06721917966138831,500,True,0.7222222222222222,0.0058862433862433864,2026-08-27T07:44:28,Rainy_Lake,0.004960493214753924,True,resolved,True
R,SWE,OK,3,0.52626,330,0.001996007984031936,0.1644015,0.06298773869214548,500,True,1.0,5.5114638447971785e-06,2026-08-27T07:51:14,Rainy_Lake,0.004960493214753924,True,resolved,True
R,T,OK,-5,0.30402,324,0.005988023952095809,0.15972658,0.055214935386212305,500,True,0.8888888888888888,0.00024250440917107584,2026-08-27T07:28:46,Rainy_Lake,0.012963763195258967,True,rejected_reverse,False
R,WL,OK,1,0.43303,333,0.001996007984031936,0.18667872,0.06176430532890012,500,False,0.3888888888888889,0.18018077601410934,2026-08-27T09:18:19,Rainy_Lake,0.004960493214753924,False,not_significant,False
RegFlow,Evap,OK,2,0.47823,326,0.001996007984031936,0.14371804,0.06902654714353311,500,True,1.0,5.5114638447971785e-06,2026-08-27T07:35:40,Rainy_Lake,0.004960493214753924,True,resolved,True
RegFlow,P,OK,1,0.6382,324,0.001996007984031936,0.16563746000000004,0.07063751885894917,500,True,0.8888888888888888,0.00024250440917107584,2026-08-27T08:01:30,Rainy_Lake,0.004960493214753924,True,resolved,True
RegFlow,R,OK,0,0.7901,329,0.001996007984031936,0.21174876,0.06411466538680835,500,True,1.0,5.5114638447971785e-06,2026-08-27T07:50:00,Rainy_Lake,0.004960493214753924,True,unresolved_contemporaneous,True
RegFlow,SWE,OK,1,0.43467,328,0.001996007984031936,0.1525629,0.05466214125507708,500,True,0.8888888888888888,0.00024250440917107584,2026-08-27T07:38:20,Rainy_Lake,0.004960493214753924,True,resolved,True
RegFlow,T,OK,2,0.22233,327,0.09181636726546906,0.14431868,0.05798162622294756,500,True,0.5555555555555556,0.04461529982363316,2026-08-27T07:52:40,Rainy_Lake,0.13578476849118662,False,not_significant,False
RegFlow,WL,OK,1,0.64028,331,0.001996007984031936,0.1764736,0.05593186434439675,500,True,1.0,5.5114638447971785e-06,2026-08-27T07:37:01,Rainy_Lake,0.004960493214753924,True,resolved,True
SWE,Evap,OK,6,0.53493,328,0.001996007984031936,0.16468778,0.06786049779121577,500,True,0.9444444444444445,4.96031746031746e-05,2026-08-27T08:16:22,Rainy_Lake,0.004960493214753924,True,resolved,True
SWE,P,OK,-1,0.39266,325,0.001996007984031936,0.14895104,0.06649578487482044,500,True,1.0,5.5114638447971785e-06,2026-08-27T07:49:10,Rainy_Lake,0.004960493214753924,True,rejected_reverse,False
SWE,R,OK,6,0.47861,329,0.003992015968063872,0.21401938,0.05925213616246759,500,True,1.0,5.5114638447971785e-06,2026-08-27T07:46:58,Rainy_Lake,0.00877825500830799,True,resolved,True
SWE,RegFlow,OK,5,0.43655,320,0.005988023952095809,0.1827418,0.06617974837939472,500,True,0.9444444444444445,4.96031746031746e-05,2026-08-27T07:48:40,Rainy_Lake,0.012963763195258967,True,resolved,True
SWE,T,OK,3,0.51309,329,0.001996007984031936,0.1831358,0.07129218035352825,500,True,0.8333333333333334,0.0008542768959435626,2026-08-27T09:22:32,Rainy_Lake,0.004960493214753924,True,resolved,True
SWE,WL,OK,2,0.22558,333,0.23952095808383234,0.18294799999999997,0.07156442761037078,500,True,0.7777777777777778,0.0024250440917107582,2026-08-27T09:01:49,Rainy_Lake,0.30484485574305936,False,not_significant,False
T,Evap,OK,4,0.46394,328,0.001996007984031936,0.15194964,0.051746896806189255,500,True,0.9444444444444445,4.96031746031746e-05,2026-08-27T07:41:26,Rainy_Lake,0.004960493214753924,True,resolved,True
T,P,OK,-1,0.14044,325,0.27345309381237526,0.11373420000000001,0.049889221637143225,500,True,0.8888888888888888,0.00024250440917107584,2026-08-27T07:43:30,Rainy_Lake,0.3408020753744736,False,not_significant,False
T,R,OK,1,0.18493,331,0.2894211576846307,0.16154392,0.04383274508211413,500,True,0.9444444444444445,4.96031746031746e-05,2026-08-27T07:44:37,Rainy_Lake,0.35647180711890003,False,not_significant,False
T,RegFlow,OK,10,0.22239,315,0.08982035928143713,0.1590253,0.04359509033950956,500,True,0.9444444444444445,4.96031746031746e-05,2026-08-27T09:24:26,Rainy_Lake,0.13377500318511915,False,not_significant,False
T,SWE,OK,0,0.35811,330,0.001996007984031936,0.13506057999999999,0.046264866335736884,500,True,1.0,5.5114638447971785e-06,2026-08-27T07:43:40,Rainy_Lake,0.004960493214753924,True,unresolved_contemporaneous,True
T,WL,OK,6,0.1417,329,0.5149700598802395,0.14588306,0.04067346804535359,500,True,0.9444444444444445,4.96031746031746e-05,2026-08-27T07:43:07,Rainy_Lake,0.5531647702038378,False,not_significant,False
WL,Evap,OK,0,0.30163,328,0.015968063872255488,0.14162448,0.07274822863774486,500,True,0.7222222222222222,0.0058862433862433864,2026-08-27T07:48:10,Rainy_Lake,0.031634843520506155,True,unresolved_contemporaneous,True
WL,P,OK,1,0.56601,326,0.001996007984031936,0.17764056,0.0836471824754809,500,True,1.0,5.5114638447971785e-06,2026-08-27T07:47:34,Rainy_Lake,0.004960493214753924,True,resolved,True
WL,R,OK,0,0.63077,331,0.001996007984031936,0.22394018,0.07084699006286435,500,True,0.9444444444444445,4.96031746031746e-05,2026-08-27T07:39:03,Rainy_Lake,0.004960493214753924,True,unresolved_contemporaneous,True
WL,RegFlow,OK,1,0.73119,321,0.001996007984031936,0.19669484,0.09071898305743072,500,True,0.8888888888888888,0.00024250440917107584,2026-08-27T07:40:14,Rainy_Lake,0.004960493214753924,True,resolved,True
WL,SWE,OK,-3,0.27277,327,0.0998003992015968,0.16866363999999998,0.07596261620264537,500,True,0.9444444444444445,4.96031746031746e-05,2026-08-27T07:38:51,Rainy_Lake,0.1460493646852636,False,not_significant,False
WL,T,OK,3,0.18385,329,0.3333333333333333,0.16241666000000002,0.06515748725852157,500,True,0.7777777777777778,0.0024250440917107582,2026-08-27T07:44:54,Rainy_Lake,0.39999999999999997,False,not_significant,False
Evap,P,OK,10,0.18818,325,0.027944111776447105,0.09987464,0.04028231631957626,500,True,1.0,5.5114638447971785e-06,2026-08-27T08:39:31,Sipiwesk_Lake,0.05147599537766572,False,not_significant,False
Evap,R,OK,-10,0.15214,322,0.40718562874251496,0.14496620000000002,0.04160154686499049,500,True,0.8333333333333334,0.0008542768959435626,2026-08-27T08:58:26,Sipiwesk_Lake,0.4560479041916167,False,not_significant,False
Evap,RegFlow,OK,1,0.18275,330,0.49700598802395207,0.18184055999999998,0.04082311046069861,500,True,0.8888888888888888,0.00024250440917107584,2026-08-27T08:52:09,Sipiwesk_Lake,0.5379961726032471,False,not_significant,False
Evap,SWE,OK,2,0.14526,329,0.24550898203592814,0.11794754,0.049745005242219045,500,False,0.3888888888888889,0.18018077601410934,2026-08-27T08:37:30,Sipiwesk_Lake,0.31152197116341335,False,not_significant,False
Evap,T,OK,1,0.45565,333,0.001996007984031936,0.14684356,0.041206448089181384,500,True,1.0,5.5114638447971785e-06,2026-08-27T08:49:50,Sipiwesk_Lake,0.004960493214753924,True,resolved,True
Evap,WL,OK,-10,0.26379,231,0.17564870259481039,0.21551772,0.05162876955730787,500,True,1.0,5.5114638447971785e-06,2026-08-27T08:37:30,Sipiwesk_Lake,0.23345713636019103,False,not_significant,False
P,Evap,OK,-7,0.1325,320,0.1277445109780439,0.08164356,0.04204424633795212,500,True,1.0,5.5114638447971785e-06,2026-08-27T08:30:18,Sipiwesk_Lake,0.1782481548530845,False,not_significant,False
P,R,OK,2,0.40569,332,0.001996007984031936,0.12680848,0.038541284862982965,500,True,0.9444444444444445,4.96031746031746e-05,2026-08-27T08:30:50,Sipiwesk_Lake,0.004960493214753924,True,resolved,True
P,RegFlow,OK,2,0.19419,330,0.07984031936127745,0.13730921999999998,0.03820726954902169,500,True,0.6666666666666666,0.012665343915343916,2026-08-27T08:32:17,Sipiwesk_Lake,0.12238297128370995,False,not_significant,False
P,SWE,OK,-7,0.08703,322,0.6626746506986028,0.10737674,0.04184300607714986,500,True,0.8888888888888888,0.00024250440917107584,2026-08-27T08:36:55,Sipiwesk_Lake,0.6821650816015028,False,not_significant,False
P,T,OK,1,0.18558,333,0.10778443113772455,0.13632286,0.03805005567959658,500,True,0.8888888888888888,0.00024250440917107584,2026-08-27T08:32:45,Sipiwesk_Lake,0.15450328012916148,False,not_significant,False
P,WL,OK,-5,0.26011,234,0.00998003992015968,0.15362198000000002,0.046208997053383445,500,True,1.0,5.5114638447971785e-06,2026-08-27T08:31:10,Sipiwesk_Lake,0.020446911055936906,True,rejected_reverse,False
R,Evap,OK,2,0.26471,327,0.01996007984031936,0.12071035999999999,0.06731011345905161,500,True,1.0,5.5114638447971785e-06,2026-08-27T08:43:19,Sipiwesk_Lake,0.03810560696788241,True,resolved,True
R,P,OK,0,0.51069,331,0.001996007984031936,0.13012194,0.05038232228506741,500,False,0.5,0.07517636684303351,2026-08-27T08:42:45,Sipiwesk_Lake,0.004960493214753924,False,not_significant,False
R,RegFlow,OK,3,0.6268,329,0.001996007984031936,0.22279778,0.05680852239648202,500,True,1.0,5.5114638447971785e-06,2026-08-27T08:36:49,Sipiwesk_Lake,0.004960493214753924,True,resolved,True
R,SWE,OK,-3,0.44835,326,0.001996007984031936,0.15767014000000001,0.06060003715329224,500,True,0.8888888888888888,0.00024250440917107584,2026-08-27T08:38:01,Sipiwesk_Lake,0.004960493214753924,True,rejected_reverse,False
R,T,OK,1,0.13084,333,0.5209580838323353,0.13775549999999998,0.04672655011821438,500,False,0.5,0.07517636684303351,2026-08-27T08:46:32,Sipiwesk_Lake,0.5567490972253966,False,not_significant,False
R,WL,OK,3,0.64351,239,0.001996007984031936,0.29605416,0.06570058879412269,500,False,0.5,0.07517636684303351,2026-08-27T09:04:13,Sipiwesk_Lake,0.004960493214753924,False,not_significant,False
RegFlow,Evap,OK,-7,0.26935,319,0.06986027944111776,0.13163763999999997,0.08620222047041712,500,True,1.0,5.5114638447971785e-06,2026-08-27T08:52:22,Sipiwesk_Lake,0.10907552923891994,False,not_significant,False
RegFlow,P,OK,-6,0.3409,324,0.001996007984031936,0.10374968000000001,0.061026971521595266,500,True,0.8888888888888888,0.00024250440917107584,2026-08-27T08:39:34,Sipiwesk_Lake,0.004960493214753924,True,rejected_reverse,False
RegFlow,R,OK,-1,0.67931,330,0.001996007984031936,0.20577710000000002,0.07498715565608553,500,True,0.8888888888888888,0.00024250440917107584,2026-08-27T08:50:52,Sipiwesk_Lake,0.004960493214753924,True,rejected_reverse,False
RegFlow,SWE,OK,-4,0.36295,324,0.003992015968063872,0.15581626,0.06874264218818187,500,True,0.9444444444444445,4.96031746031746e-05,2026-08-27T08:48:35,Sipiwesk_Lake,0.00877825500830799,True,rejected_reverse,False
RegFlow,T,OK,2,0.21561,332,0.03592814371257485,0.11573016000000001,0.05206132696324979,500,True,1.0,5.5114638447971785e-06,2026-08-27T08:59:18,Sipiwesk_Lake,0.06313732367900184,False,not_significant,False
RegFlow,WL,OK,1,0.95248,239,0.001996007984031936,0.35650382,0.10126097693587398,500,True,0.8333333333333334,0.0008542768959435626,2026-08-27T08:41:01,Sipiwesk_Lake,0.004960493214753924,True,resolved,True
SWE,Evap,OK,0,0.29946,327,0.05389221556886228,0.17700358,0.07388477856895559,500,True,1.0,5.5114638447971785e-06,2026-08-27T08:39:46,Sipiwesk_Lake,0.08807288147440527,False,not_significant,False
SWE,P,OK,-1,0.35584,330,0.003992015968063872,0.13261844000000003,0.05377115395048167,500,True,1.0,5.5114638447971785e-06,2026-08-27T08:38:14,Sipiwesk_Lake,0.00877825500830799,True,rejected_reverse,False
SWE,R,OK,6,0.44967,329,0.001996007984031936,0.16276281999999997,0.06280355452239626,500,True,1.0,5.5114638447971785e-06,2026-08-27T08:52:06,Sipiwesk_Lake,0.004960493214753924,True,resolved,True
SWE,RegFlow,OK,12,0.27933,320,0.20758483033932135,0.2298446,0.068388763284914,500,True,1.0,5.5114638447971785e-06,2026-08-27T08:37:36,Sipiwesk_Lake,0.2682634730538922,False,not_significant,False
SWE,T,OK,0,0.38015,333,0.003992015968063872,0.16574754000000003,0.05565680787961524,500,True,0.6666666666666666,0.012665343915343916,2026-08-27T08:47:20,Sipiwesk_Lake,0.00877825500830799,True,unresolved_contemporaneous,True
SWE,WL,OK,4,0.33356,239,0.32934131736526945,0.30597364000000005,0.07663357762724118,500,True,0.9444444444444445,4.96031746031746e-05,2026-08-27T08:35:32,Sipiwesk_Lake,0.39862637836718495,False,not_significant,False
T,Evap,OK,7,0.37971,327,0.001996007984031936,0.1327446,0.04475085730620141,500,True,1.0,5.5114638447971785e-06,2026-08-27T08:29:19,Sipiwesk_Lake,0.004960493214753924,True,resolved,True
T,P,OK,2,0.13935,331,0.29740518962075846,0.11932782,0.03797554407572852,500,True,1.0,5.5114638447971785e-06,2026-08-27T08:30:48,Sipiwesk_Lake,0.3641696199437859,False,not_significant,False
T,R,OK,-10,0.21053,322,0.031936127744510975,0.12888952,0.039541239421262454,500,True,0.8888888888888888,0.00024250440917107584,2026-08-27T08:50:42,Sipiwesk_Lake,0.057815403675407794,False,not_significant,False
T,RegFlow,OK,-5,0.19992,325,0.0718562874251497,0.14443812,0.03764543308909595,500,True,1.0,5.5114638447971785e-06,2026-08-27T08:36:57,Sipiwesk_Lake,0.11095456146530468,False,not_significant,False
T,SWE,OK,2,0.42822,329,0.001996007984031936,0.12268700000000002,0.04871513089585206,500,True,1.0,5.5114638447971785e-06,2026-08-27T08:28:48,Sipiwesk_Lake,0.004960493214753924,True,resolved,True
T,WL,OK,12,0.18354,231,0.33532934131736525,0.16524426,0.04856528351047072,500,True,1.0,5.5114638447971785e-06,2026-08-27T08:33:37,Sipiwesk_Lake,0.40010887316276533,False,not_significant,False
WL,Evap,OK,12,0.20567,294,0.3852295409181637,0.17890786,0.09167833584888196,500,True,0.8333333333333334,0.0008542768959435626,2026-08-27T08:30:04,Sipiwesk_Lake,0.4384726481995359,False,not_significant,False
WL,P,OK,-3,0.36309,299,0.001996007984031936,0.13462513999999998,0.06173741443387794,500,True,0.8888888888888888,0.00024250440917107584,2026-08-27T08:30:49,Sipiwesk_Lake,0.004960493214753924,True,rejected_reverse,False
WL,R,OK,-1,0.67848,302,0.001996007984031936,0.21805428000000002,0.06669524841907105,500,False,0.0,1.0,2026-08-27T08:40:21,Sipiwesk_Lake,0.004960493214753924,False,not_significant,False
WL,RegFlow,OK,2,0.95114,302,0.001996007984031936,0.28254228,0.08879612132971575,500,True,1.0,5.5114638447971785e-06,2026-08-27T08:41:32,Sipiwesk_Lake,0.004960493214753924,True,resolved,True
WL,SWE,OK,-5,0.34935,295,0.021956087824351298,0.18360726,0.0726871340354839,500,True,1.0,5.5114638447971785e-06,2026-08-27T08:39:07,Sipiwesk_Lake,0.04172650174763595,True,rejected_reverse,False
WL,T,OK,-1,0.21612,303,0.09580838323353294,0.14869556,0.05223041096034378,500,True,1.0,5.5114638447971785e-06,2026-08-27T08:25:03,Sipiwesk_Lake,0.1411913016073117,False,not_significant,False
Evap,P,OK,-2,0.09957,324,0.6147704590818364,0.11303727999999999,0.04645405738363012,500,True,0.8888888888888888,0.00024250440917107584,2026-08-27T07:33:32,Skaha_Lake,0.6375397353441266,False,not_significant,False
Evap,R,OK,5,0.42667,330,0.001996007984031936,0.12762549999999998,0.045200448860050056,500,True,1.0,5.5114638447971785e-06,2026-08-27T07:27:39,Skaha_Lake,0.004960493214753924,True,resolved,True
Evap,RegFlow,OK,-5,0.22088,327,0.017964071856287425,0.11454134,0.04602064415894675,500,True,0.9444444444444445,4.96031746031746e-05,2026-08-27T07:18:48,Skaha_Lake,0.03509260548670102,True,rejected_reverse,False
Evap,SWE,OK,5,0.44873,330,0.001996007984031936,0.12862788,0.0460384503551716,500,True,1.0,5.5114638447971785e-06,2026-08-27T07:14:36,Skaha_Lake,0.004960493214753924,True,resolved,True
Evap,T,OK,0,0.12855,327,0.3972055888223553,0.11814264,0.04600554436402639,500,True,1.0,5.5114638447971785e-06,2026-08-27T07:14:59,Skaha_Lake,0.44845792286394953,False,not_significant,False
Evap,WL,OK,-11,0.13358,302,0.5988023952095808,0.14403880000000002,0.04078839515058174,500,True,0.9444444444444445,4.96031746031746e-05,2026-08-27T07:15:42,Skaha_Lake,0.6303183107469271,False,not_significant,False
P,Evap,OK,6,0.16629,329,0.09181636726546906,0.11535364,0.03824455199829643,500,True,0.9444444444444445,4.96031746031746e-05,2026-08-27T06:59:16,Skaha_Lake,0.13578476849118662,False,not_significant,False
P,R,OK,5,0.22623,330,0.001996007984031936,0.10596732,0.0390230287089252,500,True,0.8333333333333334,0.0008542768959435626,2026-08-27T08:58:46,Skaha_Lake,0.004960493214753924,True,resolved,True
P,RegFlow,OK,2,0.24707,332,0.003992015968063872,0.11385653999999999,0.041841468456883774,500,True,0.7222222222222222,0.0058862433862433864,2026-08-27T07:25:02,Skaha_Lake,0.00877825500830799,True,resolved,True
P,SWE,OK,1,0.26378,330,0.001996007984031936,0.11373261999999999,0.0461275122257379,500,True,0.6666666666666666,0.012665343915343916,2026-08-27T07:15:32,Skaha_Lake,0.004960493214753924,True,resolved,True
P,T,OK,5,0.25991,327,0.001996007984031936,0.11074964,0.04644429068755814,500,True,0.9444444444444445,4.96031746031746e-05,2026-08-27T07:00:07,Skaha_Lake,0.004960493214753924,True,resolved,True
P,WL,OK,1,0.17802,313,0.11776447105788423,0.13019419999999998,0.038396790177826066,500,True,0.9444444444444445,4.96031746031746e-05,2026-08-27T07:02:27,Skaha_Lake,0.16542166503114172,False,not_significant,False
R,Evap,OK,0,0.26032,333,0.023952095808383235,0.13517952,0.05312864476127356,500,True,0.9444444444444445,4.96031746031746e-05,2026-08-27T06:56:20,Skaha_Lake,0.04491017964071856,True,unresolved_contemporaneous,True
R,P,OK,3,0.33173,326,0.001996007984031936,0.11922506,0.049467858896422835,500,True,0.9444444444444445,4.96031746031746e-05,2026-08-27T06:47:41,Skaha_Lake,0.004960493214753924,True,resolved,True
R,RegFlow,OK,4,0.52744,331,0.001996007984031936,0.12929622000000002,0.05342579601944739,500,True,1.0,5.5114638447971785e-06,2026-08-27T07:16:21,Skaha_Lake,0.004960493214753924,True,resolved,True
R,SWE,OK,2,0.71694,330,0.001996007984031936,0.15327897999999998,0.062495629690079935,500,True,0.9444444444444445,4.96031746031746e-05,2026-08-27T06:59:40,Skaha_Lake,0.004960493214753924,True,resolved,True
R,T,OK,11,0.17733,324,0.11177644710578842,0.11703388,0.04695503048391727,500,True,1.0,5.5114638447971785e-06,2026-08-27T06:57:45,Skaha_Lake,0.15860171548794302,False,not_significant,False
R,WL,OK,1,0.14505,313,0.5169660678642715,0.15313414,0.048423384584933754,500,True,0.5555555555555556,0.04461529982363316,2026-08-27T07:12:35,Skaha_Lake,0.5538922155688623,False,not_significant,False
RegFlow,Evap,OK,-3,0.15139,330,0.2654690618762475,0.12182334,0.045310444224752416,500,True,0.8888888888888888,0.00024250440917107584,2026-08-27T07:11:21,Skaha_Lake,0.33583435538561435,False,not_significant,False
RegFlow,P,OK,2,0.59941,326,0.001996007984031936,0.15671366,0.07273058343231134,500,True,1.0,5.5114638447971785e-06,2026-08-27T07:17:24,Skaha_Lake,0.004960493214753924,True,resolved,True
RegFlow,R,OK,2,0.64908,331,0.001996007984031936,0.16204362,0.06434899401774358,500,False,0.3333333333333333,0.25951829805996474,2026-08-27T07:19:43,Skaha_Lake,0.004960493214753924,False,not_significant,False
RegFlow,SWE,OK,-1,0.56407,329,0.001996007984031936,0.19066342,0.075266430916469,500,True,0.9444444444444445,4.96031746031746e-05,2026-08-27T07:23:19,Skaha_Lake,0.004960493214753924,True,rejected_reverse,False
RegFlow,T,OK,-8,0.22977,319,0.18363273453093812,0.16076823999999998,0.07093466534849094,500,True,0.9444444444444445,4.96031746031746e-05,2026-08-27T07:28:08,Skaha_Lake,0.2417735062789781,False,not_significant,False
RegFlow,WL,OK,11,0.09515,305,0.936127744510978,0.18695472000000002,0.0642549176835641,500,True,0.6666666666666666,0.012665343915343916,2026-08-27T07:35:26,Skaha_Lake,0.9448728442395784,False,not_significant,False
SWE,Evap,OK,1,0.31724,333,0.001996007984031936,0.11684077999999999,0.046364281506258674,500,True,1.0,5.5114638447971785e-06,2026-08-27T07:10:11,Skaha_Lake,0.004960493214753924,True,resolved,True
SWE,P,OK,5,0.39351,326,0.001996007984031936,0.14582166000000002,0.07088241500008588,500,True,0.8888888888888888,0.00024250440917107584,2026-08-27T06:48:28,Skaha_Lake,0.004960493214753924,True,resolved,True
SWE,R,OK,5,0.71757,330,0.001996007984031936,0.21448032,0.07462510625451464,500,True,1.0,5.5114638447971785e-06,2026-08-27T09:12:36,Skaha_Lake,0.004960493214753924,True,resolved,True
SWE,RegFlow,OK,5,0.48669,330,0.001996007984031936,0.1722415,0.06690056659812381,500,True,0.7777777777777778,0.0024250440917107582,2026-08-27T07:15:03,Skaha_Lake,0.004960493214753924,True,resolved,True
SWE,T,OK,2,0.28963,327,0.041916167664670656,0.15589718,0.07337688570011404,500,False,0.4444444444444444,0.11943893298059964,2026-08-27T07:15:14,Skaha_Lake,0.07098705814178095,False,not_significant,False
SWE,WL,OK,-1,0.14573,312,0.6347305389221557,0.17240756000000002,0.0599198721497835,500,False,-0.2777777777777778,0.35848765432098767,2026-08-27T07:11:28,Skaha_Lake,0.6566177988849886,False,not_significant,False
T,Evap,OK,1,0.21716,333,0.02594810379241517,0.13273998,0.04036673247860916,500,True,1.0,5.5114638447971785e-06,2026-08-27T09:10:43,Skaha_Lake,0.04822213979121403,True,resolved,True
T,P,OK,3,0.2528,326,0.023952095808383235,0.13184166,0.05326440443527366,500,True,0.8333333333333334,0.0008542768959435626,2026-08-27T07:01:21,Skaha_Lake,0.04491017964071856,True,resolved,True
T,R,OK,5,0.16146,330,0.16966067864271456,0.1184328,0.04694142508872094,500,False,0.2222222222222222,0.47670855379188715,2026-08-27T07:02:18,Skaha_Lake,0.22621423819028608,False,not_significant,False
T,RegFlow,OK,-5,0.06233,327,0.93812375249501,0.12118594,0.04443252883773779,500,True,1.0,5.5114638447971785e-06,2026-08-27T06:51:42,Skaha_Lake,0.9448728442395784,False,not_significant,False
T,SWE,OK,4,0.22165,330,0.04790419161676647,0.12791726,0.05383396290718713,500,True,1.0,5.5114638447971785e-06,2026-08-27T06:48:14,Skaha_Lake,0.07952474497645028,False,not_significant,False
T,WL,OK,-12,0.23013,301,0.033932135728542916,0.1489936,0.04322837746943551,500,True,0.9444444444444445,4.96031746031746e-05,2026-08-27T08:55:00,Skaha_Lake,0.06064466811058734,False,not_significant,False
WL,Evap,OK,-3,0.12367,323,0.5229540918163673,0.13129052000000002,0.048742520908644026,500,True,0.8888888888888888,0.00024250440917107584,2026-08-27T07:13:11,Skaha_Lake,0.5574637526976505,False,not_significant,False
WL,P,OK,4,0.14615,319,0.49500998003992014,0.14854924,0.0693185148385509,500,True,0.8333333333333334,0.0008542768959435626,2026-08-27T06:49:20,Skaha_Lake,0.5372201333766575,False,not_significant,False
WL,R,OK,0,0.14056,324,0.6147704590818364,0.15726852,0.055430076065342,500,True,0.9444444444444445,4.96031746031746e-05,2026-08-27T06:53:33,Skaha_Lake,0.6375397353441266,False,not_significant,False
WL,RegFlow,OK,-9,0.13147,316,0.499001996007984,0.13337678,0.05010670566133439,500,True,0.7777777777777778,0.0024250440917107582,2026-08-27T06:56:26,Skaha_Lake,0.5387682219109339,False,not_significant,False
WL,SWE,OK,1,0.15993,323,0.47105788423153694,0.15667838,0.06140828657091484,500,True,1.0,5.5114638447971785e-06,2026-08-27T06:59:29,Skaha_Lake,0.5138813282525858,False,not_significant,False
WL,T,OK,8,0.0363,320,0.9680638722554891,0.15302062,0.07124936132356276,500,True,0.7777777777777778,0.0024250440917107582,2026-08-27T08:56:34,Skaha_Lake,0.9680638722554891,False,not_significant,False
Evap,P,OK,-1,0.20455,328,0.00998003992015968,0.08865361999999999,0.044771915441441636,500,True,1.0,5.5114638447971785e-06,2026-08-27T09:05:00,Split_Lake,0.020446911055936906,True,rejected_reverse,False
Evap,R,OK,-5,0.19618,328,0.10978043912175649,0.14675797999999998,0.041659856573440096,500,True,0.9444444444444445,4.96031746031746e-05,2026-08-27T09:06:06,Split_Lake,0.1568291987453664,False,not_significant,False
Evap,RegFlow,OK,-10,0.27958,320,0.023952095808383235,0.17165096,0.04621858451184328,500,True,1.0,5.5114638447971785e-06,2026-08-27T08:58:20,Split_Lake,0.04491017964071856,True,rejected_reverse,False
Evap,SWE,OK,3,0.11513,329,0.4630738522954092,0.11302685999999999,0.04993734941244279,500,True,0.7777777777777778,0.0024250440917107582,2026-08-27T08:58:25,Split_Lake,0.5064870259481038,False,not_significant,False
Evap,T,OK,3,0.46046,328,0.001996007984031936,0.1326444,0.04951084758959395,500,True,0.9444444444444445,4.96031746031746e-05,2026-08-27T08:55:43,Split_Lake,0.004960493214753924,True,resolved,True
Evap,WL,OK,1,0.28197,304,0.03792415169660679,0.18591802000000002,0.047552202488208684,500,True,0.9444444444444445,4.96031746031746e-05,2026-08-27T08:51:47,Split_Lake,0.06527927751055267,False,not_significant,False
P,Evap,OK,8,0.1016,326,0.31137724550898205,0.08157792,0.041090428983810816,500,True,0.9444444444444445,4.96031746031746e-05,2026-08-27T08:59:15,Split_Lake,0.3801698927725944,False,not_significant,False
P,R,OK,1,0.40343,333,0.001996007984031936,0.13127332,0.03900936270406888,500,True,1.0,5.5114638447971785e-06,2026-08-27T09:06:40,Split_Lake,0.004960493214753924,True,resolved,True
P,RegFlow,OK,9,0.12214,323,0.6087824351297405,0.13642411999999998,0.03971309035854047,500,True,0.7222222222222222,0.0058862433862433864,2026-08-27T09:11:13,Split_Lake,0.6344630837580422,False,not_significant,False
P,SWE,OK,-1,0.08745,328,0.5788423153692615,0.09850538,0.041533482103666676,500,False,0.3888888888888889,0.18018077601410934,2026-08-27T08:53:20,Split_Lake,0.6108386242590197,False,not_significant,False
P,T,OK,-8,0.14269,320,0.10578842315369262,0.09216298,0.03960510988394806,500,True,0.9444444444444445,4.96031746031746e-05,2026-08-27T08:49:13,Split_Lake,0.1532108197398307,False,not_significant,False
P,WL,OK,-2,0.17514,302,0.15169660678642716,0.13714312,0.04001595795011785,500,True,0.9444444444444445,4.96031746031746e-05,2026-08-27T08:53:03,Split_Lake,0.2082110289225471,False,not_significant,False
R,Evap,OK,9,0.24791,326,0.03792415169660679,0.12152287999999999,0.06901205451879838,500,True,1.0,5.5114638447971785e-06,2026-08-27T09:00:13,Split_Lake,0.06527927751055267,False,not_significant,False
R,P,OK,0,0.57471,329,0.001996007984031936,0.1181297,0.059862304888051214,500,True,1.0,5.5114638447971785e-06,2026-08-27T09:00:54,Split_Lake,0.004960493214753924,True,unresolved_contemporaneous,True
R,RegFlow,OK,3,0.586,329,0.001996007984031936,0.21963052,0.06165563760865344,500,False,0.3888888888888889,0.18018077601410934,2026-08-27T09:09:42,Split_Lake,0.004960493214753924,False,not_significant,False
R,SWE,OK,-3,0.38982,326,0.001996007984031936,0.14874568,0.06119449684847159,500,True,0.8888888888888888,0.00024250440917107584,2026-08-27T09:06:55,Split_Lake,0.004960493214753924,True,rejected_reverse,False
R,T,OK,-10,0.14509,318,0.3473053892215569,0.12262355999999999,0.055295784809751995,500,True,1.0,5.5114638447971785e-06,2026-08-27T09:01:07,Split_Lake,0.41089651682550393,False,not_significant,False
R,WL,OK,3,0.60109,303,0.001996007984031936,0.2367387,0.061873970340604455,500,True,0.6666666666666666,0.012665343915343916,2026-08-27T08:55:31,Split_Lake,0.004960493214753924,True,resolved,True
RegFlow,Evap,OK,7,0.30785,325,0.10778443113772455,0.19746848,0.08489003059305374,500,True,1.0,5.5114638447971785e-06,2026-08-27T09:08:30,Split_Lake,0.15450328012916148,False,not_significant,False
RegFlow,P,OK,-5,0.42389,323,0.001996007984031936,0.06686958000000001,0.07318384107454048,500,True,1.0,5.5114638447971785e-06,2026-08-27T09:08:56,Split_Lake,0.004960493214753924,True,rejected_reverse,False
RegFlow,R,OK,-1,0.63417,331,0.001996007984031936,0.1768487,0.08064999163366354,500,False,-0.8333333333333334,0.0008542768959435626,2026-08-27T09:19:44,Split_Lake,0.004960493214753924,False,not_significant,False
RegFlow,SWE,OK,-5,0.33012,323,0.03592814371257485,0.17094455999999997,0.07877514284091397,500,True,0.8888888888888888,0.00024250440917107584,2026-08-27T09:10:43,Split_Lake,0.06313732367900184,False,not_significant,False
RegFlow,T,OK,-12,0.18943,315,0.16367265469061876,0.12433283999999999,0.06592137173583694,500,True,1.0,5.5114638447971785e-06,2026-08-27T09:18:48,Split_Lake,0.22246768598724878,False,not_significant,False
RegFlow,WL,OK,1,0.98323,303,0.001996007984031936,0.30243302,0.09363193981692144,500,True,1.0,5.5114638447971785e-06,2026-08-27T09:08:46,Split_Lake,0.004960493214753924,True,resolved,True
SWE,Evap,OK,2,0.26861,326,0.07584830339321358,0.16499756,0.07213996594153896,500,True,1.0,5.5114638447971785e-06,2026-08-27T08:56:07,Split_Lake,0.11668969752802089,False,not_significant,False
SWE,P,OK,2,0.35174,329,0.003992015968063872,0.12144622,0.05439750893847622,500,True,0.9444444444444445,4.96031746031746e-05,2026-08-27T09:05:43,Split_Lake,0.00877825500830799,True,resolved,True
SWE,R,OK,5,0.28287,330,0.031936127744510975,0.16112716,0.05841422851612781,500,True,0.8888888888888888,0.00024250440917107584,2026-08-27T09:06:47,Split_Lake,0.057815403675407794,False,not_significant,False
SWE,RegFlow,OK,12,0.38645,320,0.03592814371257485,0.24505385999999998,0.07058353950391266,500,True,1.0,5.5114638447971785e-06,2026-08-27T09:07:37,Split_Lake,0.06313732367900184,False,not_significant,False
SWE,T,OK,0,0.48435,328,0.001996007984031936,0.18918712,0.06728878495043286,500,True,0.8888888888888888,0.00024250440917107584,2026-08-27T09:12:54,Split_Lake,0.004960493214753924,True,unresolved_contemporaneous,True
SWE,WL,OK,-12,0.2955,292,0.4291417165668663,0.28697476,0.06936252279251671,500,True,1.0,5.5114638447971785e-06,2026-08-27T08:55:32,Split_Lake,0.47936042808001017,False,not_significant,False
T,Evap,OK,9,0.33879,326,0.001996007984031936,0.11086534,0.0442671854502226,500,True,1.0,5.5114638447971785e-06,2026-08-27T08:50:22,Split_Lake,0.004960493214753924,True,resolved,True
T,P,OK,6,0.15803,329,0.1157684630738523,0.10959972000000001,0.0392223194714642,500,True,0.9444444444444445,4.96031746031746e-05,2026-08-27T08:58:08,Split_Lake,0.16316360567455693,False,not_significant,False
T,R,OK,-10,0.232,323,0.011976047904191617,0.13189394,0.03741687423444669,500,True,0.8888888888888888,0.00024250440917107584,2026-08-27T08:59:09,Split_Lake,0.02418240442192538,True,rejected_reverse,False
T,RegFlow,OK,-10,0.19433,320,0.20159680638722555,0.1643893,0.038783857514563966,500,True,0.9444444444444445,4.96031746031746e-05,2026-08-27T09:05:05,Split_Lake,0.2621382621753397,False,not_significant,False
T,SWE,OK,2,0.33186,329,0.001996007984031936,0.1232669,0.048625350155962886,500,False,0.3888888888888889,0.18018077601410934,2026-08-27T08:41:42,Split_Lake,0.004960493214753924,False,not_significant,False
T,WL,OK,-11,0.18811,293,0.3532934131736527,0.17325100000000002,0.03965748654920027,500,True,0.8888888888888888,0.00024250440917107584,2026-08-27T08:48:17,Split_Lake,0.415639309616062,False,not_significant,False
WL,Evap,OK,8,0.32693,309,0.21357285429141717,0.25521378,0.08589656493429525,500,True,1.0,5.5114638447971785e-06,2026-08-27T08:55:31,Split_Lake,0.27515521105029206,False,not_significant,False
WL,P,OK,-5,0.40237,307,0.001996007984031936,0.0937545,0.07177350285133087,500,True,1.0,5.5114638447971785e-06,2026-08-27T08:53:10,Split_Lake,0.004960493214753924,True,rejected_reverse,False
WL,R,OK,-1,0.61757,315,0.001996007984031936,0.19135152,0.07681280861737579,500,False,-0.611111111111111,0.02474096119929453,2026-08-27T08:57:04,Split_Lake,0.004960493214753924,False,not_significant,False
WL,RegFlow,OK,2,0.98429,313,0.001996007984031936,0.27875886000000005,0.09508691683349713,500,True,1.0,5.5114638447971785e-06,2026-08-27T08:55:22,Split_Lake,0.004960493214753924,True,resolved,True
WL,SWE,OK,-5,0.35371,307,0.03792415169660679,0.20520119999999997,0.07525544440211619,500,True,0.9444444444444445,4.96031746031746e-05,2026-08-27T08:51:19,Split_Lake,0.06527927751055267,False,not_significant,False
WL,T,OK,-11,0.18,300,0.500998003992016,0.17977952,0.07785415356016402,500,True,1.0,5.5114638447971785e-06,2026-08-27T08:52:30,Split_Lake,0.5395363119914018,False,not_significant,False
Evap,P,OK,-2,0.11049,324,0.4471057884231537,0.10559884,0.04596637850271,500,True,0.8888888888888888,0.00024250440917107584,2026-08-27T07:39:38,Vaseux_Lake,0.4941695556255909,False,not_significant,False
Evap,R,OK,3,0.43553,331,0.001996007984031936,0.1255068,0.04532477136577746,500,True,1.0,5.5114638447971785e-06,2026-08-27T07:36:45,Vaseux_Lake,0.004960493214753924,True,resolved,True
Evap,RegFlow,OK,-7,0.25785,108,0.3712574850299401,0.24005143999999998,0.0675620969118514,500,True,1.0,5.5114638447971785e-06,2026-08-27T07:36:50,Vaseux_Lake,0.4272003937330818,False,not_significant,False
Evap,SWE,OK,5,0.46751,330,0.001996007984031936,0.12572503999999998,0.0463691574799284,500,True,1.0,5.5114638447971785e-06,2026-08-27T07:42:01,Vaseux_Lake,0.004960493214753924,True,resolved,True
Evap,T,OK,0,0.13659,327,0.2714570858283433,0.11174462,0.043200652245719624,500,True,1.0,5.5114638447971785e-06,2026-08-27T07:41:49,Vaseux_Lake,0.3393213572854291,False,not_significant,False
Evap,WL,OK,4,0.29781,328,0.003992015968063872,0.16090488,0.04357240387430558,500,True,1.0,5.5114638447971785e-06,2026-08-27T09:16:53,Vaseux_Lake,0.00877825500830799,True,resolved,True
P,Evap,OK,7,0.14846,328,0.26746506986027946,0.12854226,0.038407664285821916,500,True,1.0,5.5114638447971785e-06,2026-08-27T07:37:12,Vaseux_Lake,0.3373433313553074,False,not_significant,False
P,R,OK,5,0.23745,330,0.001996007984031936,0.1067557,0.03903930616839905,500,True,0.9444444444444445,4.96031746031746e-05,2026-08-27T07:23:23,Vaseux_Lake,0.004960493214753924,True,resolved,True
P,RegFlow,OK,1,0.49415,115,0.001996007984031936,0.21953309999999998,0.06123843131718839,500,True,1.0,5.5114638447971785e-06,2026-08-27T07:36:18,Vaseux_Lake,0.004960493214753924,True,resolved,True
P,SWE,OK,1,0.26473,330,0.001996007984031936,0.11404062000000001,0.045956351498085656,500,True,0.7222222222222222,0.0058862433862433864,2026-08-27T08:57:58,Vaseux_Lake,0.004960493214753924,True,resolved,True
P,T,OK,5,0.23433,327,0.005988023952095809,0.11010230000000001,0.046263898237286494,500,True,0.9444444444444445,4.96031746031746e-05,2026-08-27T07:45:34,Vaseux_Lake,0.012963763195258967,True,resolved,True
P,WL,OK,4,0.23439,328,0.003992015968063872,0.12595662,0.0391167860384209,500,True,1.0,5.5114638447971785e-06,2026-08-27T07:32:17,Vaseux_Lake,0.00877825500830799,True,resolved,True
R,Evap,OK,-2,0.16131,332,0.27944111776447106,0.140965,0.0567706648137927,500,True,1.0,5.5114638447971785e-06,2026-08-27T07:34:30,Vaseux_Lake,0.3462102343984597,False,not_significant,False
R,P,OK,3,0.32953,326,0.001996007984031936,0.11895107999999999,0.04927738461843932,500,True,0.9444444444444445,4.96031746031746e-05,2026-08-27T07:28:35,Vaseux_Lake,0.004960493214753924,True,resolved,True
R,RegFlow,OK,3,0.42788,115,0.03792415169660679,0.24714566000000002,0.08611446263528792,500,True,0.8888888888888888,0.00024250440917107584,2026-08-27T09:22:01,Vaseux_Lake,0.06527927751055267,False,not_significant,False
R,SWE,OK,2,0.72123,330,0.001996007984031936,0.1542951,0.06148371976539806,500,True,0.9444444444444445,4.96031746031746e-05,2026-08-27T07:35:42,Vaseux_Lake,0.004960493214753924,True,resolved,True
R,T,OK,11,0.16028,324,0.1656686626746507,0.11552242000000001,0.046350780023033056,500,True,0.8888888888888888,0.00024250440917107584,2026-08-27T07:35:06,Vaseux_Lake,0.22445431717210737,False,not_significant,False
R,WL,OK,1,0.40582,328,0.003992015968063872,0.175235,0.05031506007350086,500,True,0.8333333333333334,0.0008542768959435626,2026-08-27T07:54:45,Vaseux_Lake,0.00877825500830799,True,resolved,True
RegFlow,Evap,OK,7,0.21834,111,0.4351297405189621,0.2112037,0.0662654279010556,500,True,1.0,5.5114638447971785e-06,2026-08-27T07:39:22,Vaseux_Lake,0.4847599231245731,False,not_significant,False
RegFlow,P,OK,-1,0.59617,118,0.001996007984031936,0.27053154,0.0898438558802348,500,True,1.0,5.5114638447971785e-06,2026-08-27T07:43:42,Vaseux_Lake,0.004960493214753924,True,rejected_reverse,False
RegFlow,R,OK,2,0.62105,116,0.001996007984031936,0.29574738,0.08419271434118038,500,True,1.0,5.5114638447971785e-06,2026-08-27T07:39:28,Vaseux_Lake,0.004960493214753924,True,resolved,True
RegFlow,SWE,OK,-1,0.52084,118,0.00998003992015968,0.29069144,0.10100244614229102,500,True,1.0,5.5114638447971785e-06,2026-08-27T07:39:15,Vaseux_Lake,0.020446911055936906,True,rejected_reverse,False
RegFlow,T,OK,10,0.24661,108,0.36127744510978044,0.2169475,0.08149020481720487,500,True,0.9444444444444445,4.96031746031746e-05,2026-08-27T07:39:54,Vaseux_Lake,0.4214903526280772,False,not_significant,False
RegFlow,WL,OK,1,0.82475,117,0.001996007984031936,0.40878089999999995,0.07492312367880827,500,True,0.8888888888888888,0.00024250440917107584,2026-08-27T07:40:34,Vaseux_Lake,0.004960493214753924,True,resolved,True
SWE,Evap,OK,1,0.28906,334,0.001996007984031936,0.1173352,0.045735794067229225,500,True,0.8888888888888888,0.00024250440917107584,2026-08-27T07:41:31,Vaseux_Lake,0.004960493214753924,True,resolved,True
SWE,P,OK,5,0.39267,326,0.001996007984031936,0.14845326,0.06996320259087917,500,True,0.7222222222222222,0.0058862433862433864,2026-08-27T07:39:18,Vaseux_Lake,0.004960493214753924,True,resolved,True
SWE,R,OK,5,0.71871,330,0.001996007984031936,0.21350056,0.07513882679205472,500,True,1.0,5.5114638447971785e-06,2026-08-27T07:22:30,Vaseux_Lake,0.004960493214753924,True,resolved,True
SWE,RegFlow,OK,10,0.30864,115,0.6067864271457086,0.33637338,0.09580263740824467,500,True,0.9444444444444445,4.96031746031746e-05,2026-08-27T07:25:58,Vaseux_Lake,0.6344630837580422,False,not_significant,False
SWE,T,OK,2,0.24817,327,0.09780439121756487,0.14737763999999998,0.07475610242401887,500,False,0.05555555555555555,0.919455467372134,2026-08-27T07:40:49,Vaseux_Lake,0.1436288262635568,False,not_significant,False
SWE,WL,OK,4,0.43229,328,0.017964071856287425,0.2750458,0.06440463144495123,500,True,0.9444444444444445,4.96031746031746e-05,2026-08-27T07:37:27,Vaseux_Lake,0.03509260548670102,True,resolved,True
T,Evap,OK,3,0.16374,332,0.17764471057884232,0.13138398,0.03470043287856219,500,True,0.7777777777777778,0.0024250440917107582,2026-08-27T07:14:14,Vaseux_Lake,0.23536523168174692,False,not_significant,False
T,P,OK,3,0.23492,326,0.029940119760479042,0.13090948,0.051069715359786376,500,True,0.8888888888888888,0.00024250440917107584,2026-08-27T09:18:48,Vaseux_Lake,0.05491201004105327,False,not_significant,False
T,R,OK,5,0.17116,330,0.11377245508982035,0.11760546,0.04697267402212056,500,True,0.7777777777777778,0.0024250440917107582,2026-08-27T07:16:34,Vaseux_Lake,0.16089034053105908,False,not_significant,False
T,RegFlow,OK,-5,0.23974,110,0.36726546906187624,0.21684554,0.06948193807248326,500,True,1.0,5.5114638447971785e-06,2026-08-27T09:16:35,Vaseux_Lake,0.4261091077513481,False,not_significant,False
T,SWE,OK,4,0.21439,330,0.05788423153692615,0.12707088,0.053244270843214675,500,True,1.0,5.5114638447971785e-06,2026-08-27T07:33:12,Vaseux_Lake,0.09386632141123159,False,not_significant,False
T,WL,OK,-1,0.26013,327,0.033932135728542916,0.17380826,0.04769895230686309,500,True,0.7222222222222222,0.0058862433862433864,2026-08-27T07:25:35,Vaseux_Lake,0.06064466811058734,False,not_significant,False
WL,Evap,OK,3,0.22067,332,0.031936127744510975,0.13237404,0.04302529204640452,500,True,1.0,5.5114638447971785e-06,2026-08-27T09:14:28,Vaseux_Lake,0.057815403675407794,False,not_significant,False
WL,P,OK,3,0.36744,326,0.003992015968063872,0.13958009999999998,0.0586555944253402,500,True,0.9444444444444445,4.96031746031746e-05,2026-08-27T07:19:25,Vaseux_Lake,0.00877825500830799,True,resolved,True
WL,R,OK,3,0.46278,331,0.001996007984031936,0.16344574,0.05521051624149515,500,True,0.611111111111111,0.02474096119929453,2026-08-27T07:12:11,Vaseux_Lake,0.004960493214753924,True,resolved,True
WL,RegFlow,OK,3,0.81278,115,0.001996007984031936,0.31144785999999997,0.08585079793467501,500,True,0.8333333333333334,0.0008542768959435626,2026-08-27T07:22:48,Vaseux_Lake,0.004960493214753924,True,resolved,True
WL,SWE,OK,1,0.28197,330,0.05588822355289421,0.18126052,0.060130054206940474,500,True,0.9444444444444445,4.96031746031746e-05,2026-08-27T07:14:55,Vaseux_Lake,0.09098082903959522,False,not_significant,False
WL,T,OK,-6,0.27625,321,0.03792415169660679,0.157875,0.06622173969475582,500,True,0.8888888888888888,0.00024250440917107584,2026-08-27T07:27:32,Vaseux_Lake,0.06527927751055267,False,not_significant,False
