cause,effect,status,obs_lag,obs_rho,obs_n,p_value,null_mean,null_std,n_valid_surrogates,convergence_diagnostic_pass,kendall_tau,kendall_p,completed_at,cause_lake,effect_lake,p_fdr,statistically_significant,lag_resolution,causal_evidence,waterway_connected
Kalamalka_Lake,Kiskitto_Lake,OK,-11,0.3991,268,0.03592814371257485,0.25397126,0.072487770834896,500,False,0.3333333333333333,0.25951829805996474,2026-08-27T12:12:25,Kalamalka_Lake,Kiskitto_Lake,0.08509297195083516,False,not_significant,False,False
Kalamalka_Lake,Lake_of_the_Woods,OK,-9,0.43907,320,0.001996007984031936,0.24197746,0.06319582086616488,500,True,0.9444444444444445,4.96031746031746e-05,2026-08-27T12:17:25,Kalamalka_Lake,Lake_of_the_Woods,0.009454774661203907,True,rejected_reverse,False,False
Kalamalka_Lake,Okanagan_Lake,OK,1,0.6289,330,0.001996007984031936,0.22317059999999997,0.0611628055899989,500,True,0.7222222222222222,0.0058862433862433864,2026-08-27T12:00:33,Kalamalka_Lake,Okanagan_Lake,0.009454774661203907,True,resolved,True,True
Kalamalka_Lake,Playgreen_Lake,OK,-4,0.3451,289,0.04590818363273453,0.22071668,0.06683371603148817,500,False,-0.3333333333333333,0.25951829805996474,2026-08-27T12:11:20,Kalamalka_Lake,Playgreen_Lake,0.09837467921300257,False,not_significant,False,False
Kalamalka_Lake,Rainy_Lake,OK,9,0.17242,322,0.5888223552894212,0.19240972000000003,0.06575106593144783,500,True,0.7222222222222222,0.0058862433862433864,2026-08-27T12:08:51,Kalamalka_Lake,Rainy_Lake,0.7065868263473054,False,not_significant,False,False
Kalamalka_Lake,Sipiwesk_Lake,OK,-2,0.44669,235,0.09181636726546906,0.34082252,0.07699174147952233,500,False,-0.2222222222222222,0.47670855379188715,2026-08-27T12:11:38,Kalamalka_Lake,Sipiwesk_Lake,0.17581857561472797,False,not_significant,False,False
Kalamalka_Lake,Skaha_Lake,OK,2,0.10044,309,0.8962075848303394,0.18991049999999998,0.06976833748879215,500,True,0.8333333333333334,0.0008542768959435626,2026-08-27T12:16:33,Kalamalka_Lake,Skaha_Lake,0.916575939031029,False,not_significant,False,False
Kalamalka_Lake,Split_Lake,OK,3,0.44477,299,0.017964071856287425,0.293597,0.06531149043927877,500,True,0.9444444444444445,4.96031746031746e-05,2026-08-27T12:12:49,Kalamalka_Lake,Split_Lake,0.05215375700212478,False,not_significant,False,False
Kalamalka_Lake,Vaseux_Lake,OK,6,0.49227,324,0.001996007984031936,0.28900552,0.07373673636342742,500,True,0.7777777777777778,0.0024250440917107582,2026-08-27T12:36:16,Kalamalka_Lake,Vaseux_Lake,0.009454774661203907,True,resolved,True,False
Kiskitto_Lake,Kalamalka_Lake,OK,6,0.40076,279,0.18762475049900199,0.32672754,0.08263148794344925,500,True,0.6666666666666666,0.012665343915343916,2026-08-27T12:05:16,Kiskitto_Lake,Kalamalka_Lake,0.31270791749833665,False,not_significant,False,False
Kiskitto_Lake,Lake_of_the_Woods,OK,3,0.48112,295,0.001996007984031936,0.25373814,0.06777263453887859,500,True,0.8888888888888888,0.00024250440917107584,2026-08-27T11:59:00,Kiskitto_Lake,Lake_of_the_Woods,0.009454774661203907,True,resolved,True,False
Kiskitto_Lake,Okanagan_Lake,OK,3,0.33032,295,0.11377245508982035,0.24811956,0.07108977303245805,500,True,1.0,5.5114638447971785e-06,2026-08-27T11:55:01,Kiskitto_Lake,Okanagan_Lake,0.20896981547109864,False,not_significant,False,False
Kiskitto_Lake,Playgreen_Lake,OK,1,0.53351,267,0.001996007984031936,0.24733098,0.08595255687668402,500,True,0.7777777777777778,0.0024250440917107582,2026-08-27T11:55:07,Kiskitto_Lake,Playgreen_Lake,0.009454774661203907,True,resolved,True,False
Kiskitto_Lake,Rainy_Lake,OK,7,0.23942,291,0.31137724550898205,0.20583179999999998,0.07298861024543488,500,True,0.8333333333333334,0.0008542768959435626,2026-08-27T12:05:19,Kiskitto_Lake,Rainy_Lake,0.42460533478497553,False,not_significant,False,False
Kiskitto_Lake,Sipiwesk_Lake,OK,2,0.55243,208,0.027944111776447105,0.3480951,0.10214470351706935,500,True,0.7222222222222222,0.0058862433862433864,2026-08-27T12:26:23,Kiskitto_Lake,Sipiwesk_Lake,0.06986027944111776,False,not_significant,False,True
Kiskitto_Lake,Skaha_Lake,OK,-4,0.16199,275,0.688622754491018,0.19499106,0.06426217856777344,500,False,0.3888888888888889,0.18018077601410934,2026-08-27T11:59:06,Kiskitto_Lake,Skaha_Lake,0.7945647167204053,False,not_significant,False,False
Kiskitto_Lake,Split_Lake,OK,2,0.61035,267,0.001996007984031936,0.28222379999999997,0.08958729125249854,500,True,1.0,5.5114638447971785e-06,2026-08-27T12:08:11,Kiskitto_Lake,Split_Lake,0.009454774661203907,True,resolved,True,False
Kiskitto_Lake,Vaseux_Lake,OK,-11,0.47103,280,0.09181636726546906,0.33325882,0.095488613585116,500,True,0.5555555555555556,0.04461529982363316,2026-08-27T11:54:44,Kiskitto_Lake,Vaseux_Lake,0.17581857561472797,False,not_significant,False,False
Lake_of_the_Woods,Kalamalka_Lake,OK,7,0.41151,315,0.01996007984031936,0.27638152000000005,0.06249980597481563,500,True,1.0,5.5114638447971785e-06,2026-08-27T11:58:59,Lake_of_the_Woods,Kalamalka_Lake,0.05443658138268917,False,not_significant,False,False
Lake_of_the_Woods,Kiskitto_Lake,OK,2,0.31387,282,0.24750499001996007,0.26974509999999996,0.059951385603587176,500,True,0.9444444444444445,4.96031746031746e-05,2026-08-27T12:12:11,Lake_of_the_Woods,Kiskitto_Lake,0.3712574850299401,False,not_significant,False,False
Lake_of_the_Woods,Okanagan_Lake,OK,6,0.18845,329,0.5708582834331337,0.19878072,0.04800994652237805,500,True,1.0,5.5114638447971785e-06,2026-08-27T12:19:20,Lake_of_the_Woods,Okanagan_Lake,0.6942871014727302,False,not_significant,False,False
Lake_of_the_Woods,Playgreen_Lake,OK,2,0.29989,293,0.07784431137724551,0.2129096,0.05831027777193314,500,True,0.7777777777777778,0.0024250440917107582,2026-08-27T12:08:55,Lake_of_the_Woods,Playgreen_Lake,0.15568862275449102,False,not_significant,False,False
Lake_of_the_Woods,Rainy_Lake,OK,0,0.47414,333,0.001996007984031936,0.18896396,0.07077445396128747,500,True,0.7222222222222222,0.0058862433862433864,2026-08-27T12:05:20,Lake_of_the_Woods,Rainy_Lake,0.009454774661203907,True,unresolved_contemporaneous,True,True
Lake_of_the_Woods,Sipiwesk_Lake,OK,3,0.5092,239,0.011976047904191617,0.32512158,0.08391610527248985,500,True,0.8333333333333334,0.0008542768959435626,2026-08-27T12:21:42,Lake_of_the_Woods,Sipiwesk_Lake,0.03992015968063873,True,resolved,True,False
Lake_of_the_Woods,Skaha_Lake,OK,0,0.06413,313,0.9461077844311377,0.1508146,0.06043934141633246,500,True,0.8888888888888888,0.00024250440917107584,2026-08-27T12:09:55,Lake_of_the_Woods,Skaha_Lake,0.9567382089753078,False,not_significant,False,False
Lake_of_the_Woods,Split_Lake,OK,3,0.45791,303,0.011976047904191617,0.27585866,0.06945473189354631,500,True,0.9444444444444445,4.96031746031746e-05,2026-08-27T11:54:20,Lake_of_the_Woods,Split_Lake,0.03992015968063873,True,resolved,True,False
Lake_of_the_Woods,Vaseux_Lake,OK,-9,0.18023,319,0.8502994011976048,0.2520415,0.06761343984112922,500,True,0.9444444444444445,4.96031746031746e-05,2026-08-27T12:11:42,Lake_of_the_Woods,Vaseux_Lake,0.9129975343430786,False,not_significant,False,False
Okanagan_Lake,Kalamalka_Lake,OK,2,0.72103,319,0.001996007984031936,0.2991721,0.06994279859277866,500,True,0.9444444444444445,4.96031746031746e-05,2026-08-27T11:56:44,Okanagan_Lake,Kalamalka_Lake,0.009454774661203907,True,resolved,True,True
Okanagan_Lake,Kiskitto_Lake,OK,-5,0.42684,278,0.029940119760479042,0.26826362,0.06787202576832078,500,True,0.8888888888888888,0.00024250440917107584,2026-08-27T12:22:44,Okanagan_Lake,Kiskitto_Lake,0.07282731833630038,False,not_significant,False,False
Okanagan_Lake,Lake_of_the_Woods,OK,0,0.27525,333,0.31137724550898205,0.2443718,0.06260319456034173,500,True,1.0,5.5114638447971785e-06,2026-08-27T12:21:46,Okanagan_Lake,Lake_of_the_Woods,0.42460533478497553,False,not_significant,False,False
Okanagan_Lake,Playgreen_Lake,OK,-3,0.37913,292,0.017964071856287425,0.20567212,0.06829003865795948,500,True,0.8888888888888888,0.00024250440917107584,2026-08-27T12:12:42,Okanagan_Lake,Playgreen_Lake,0.05215375700212478,False,not_significant,False,False
Okanagan_Lake,Rainy_Lake,OK,-9,0.2432,324,0.2874251497005988,0.20854898,0.06612773904769163,500,True,0.8888888888888888,0.00024250440917107584,2026-08-27T12:15:21,Okanagan_Lake,Rainy_Lake,0.41060735671514115,False,not_significant,False,False
Okanagan_Lake,Sipiwesk_Lake,OK,3,0.50236,239,0.027944111776447105,0.32915664,0.08025296891648558,500,True,1.0,5.5114638447971785e-06,2026-08-27T12:02:14,Okanagan_Lake,Sipiwesk_Lake,0.06986027944111776,False,not_significant,False,False
Okanagan_Lake,Skaha_Lake,OK,2,0.2073,313,0.3712574850299401,0.18666782,0.06443699420245796,500,True,0.8333333333333334,0.0008542768959435626,2026-08-27T12:14:13,Okanagan_Lake,Skaha_Lake,0.4913702007749207,False,not_significant,False,True
Okanagan_Lake,Split_Lake,OK,-1,0.42837,303,0.017964071856287425,0.26927229999999996,0.07187010767008771,500,True,1.0,5.5114638447971785e-06,2026-08-27T12:23:31,Okanagan_Lake,Split_Lake,0.05215375700212478,False,not_significant,False,False
Okanagan_Lake,Vaseux_Lake,OK,7,0.47479,328,0.011976047904191617,0.31197346,0.06669218376262993,500,True,0.8888888888888888,0.00024250440917107584,2026-08-27T11:54:38,Okanagan_Lake,Vaseux_Lake,0.03992015968063873,True,resolved,True,False
Playgreen_Lake,Kalamalka_Lake,OK,6,0.51882,290,0.005988023952095809,0.31562364000000004,0.07642919670878663,500,True,1.0,5.5114638447971785e-06,2026-08-27T12:06:50,Playgreen_Lake,Kalamalka_Lake,0.02566295979469632,True,resolved,True,False
Playgreen_Lake,Kiskitto_Lake,OK,1,0.4503,266,0.03992015968063872,0.28094025999999994,0.08451160750413164,500,False,-0.9444444444444445,4.96031746031746e-05,2026-08-27T12:04:34,Playgreen_Lake,Kiskitto_Lake,0.08762961881115817,False,not_significant,False,False
Playgreen_Lake,Lake_of_the_Woods,OK,0,0.40625,304,0.02594810379241517,0.24965508000000003,0.06858644118040826,500,True,0.9444444444444445,4.96031746031746e-05,2026-08-27T12:01:22,Playgreen_Lake,Lake_of_the_Woods,0.06868615709756956,False,not_significant,False,False
Playgreen_Lake,Okanagan_Lake,OK,1,0.40138,306,0.00998003992015968,0.22191604,0.06363228620062618,500,True,0.9444444444444445,4.96031746031746e-05,2026-08-27T11:53:05,Playgreen_Lake,Okanagan_Lake,0.03992015968063873,True,resolved,True,False
Playgreen_Lake,Rainy_Lake,OK,-1,0.26312,303,0.16966067864271456,0.19146124,0.07439892454103353,500,False,0.4444444444444444,0.11943893298059964,2026-08-27T11:56:07,Playgreen_Lake,Rainy_Lake,0.2881030392046096,False,not_significant,False,False
Playgreen_Lake,Sipiwesk_Lake,OK,2,0.78703,217,0.001996007984031936,0.3685557,0.09300420752476739,500,False,0.0,1.0,2026-08-27T12:11:43,Playgreen_Lake,Sipiwesk_Lake,0.009454774661203907,False,not_significant,False,True
Playgreen_Lake,Skaha_Lake,OK,-2,0.23998,282,0.21157684630738524,0.17780852,0.07365407617104161,500,True,1.0,5.5114638447971785e-06,2026-08-27T12:08:13,Playgreen_Lake,Skaha_Lake,0.34003421727972627,False,not_significant,False,False
Playgreen_Lake,Split_Lake,OK,2,0.77935,281,0.001996007984031936,0.29904366000000004,0.0854654141322933,500,True,0.7777777777777778,0.0024250440917107582,2026-08-27T11:54:32,Playgreen_Lake,Split_Lake,0.009454774661203907,True,resolved,True,False
Playgreen_Lake,Vaseux_Lake,OK,-12,0.33465,287,0.47305389221556887,0.32724602,0.08191594809290557,500,True,0.9444444444444445,4.96031746031746e-05,2026-08-27T11:55:17,Playgreen_Lake,Vaseux_Lake,0.5913173652694611,False,not_significant,False,False
Rainy_Lake,Kalamalka_Lake,OK,5,0.32653,317,0.2994011976047904,0.28850734,0.08303869563958961,500,True,1.0,5.5114638447971785e-06,2026-08-27T12:06:34,Rainy_Lake,Kalamalka_Lake,0.4210329341317365,False,not_significant,False,False
Rainy_Lake,Kiskitto_Lake,OK,0,0.33566,283,0.23952095808383234,0.28296832,0.07591167238559297,500,True,1.0,5.5114638447971785e-06,2026-08-27T11:55:52,Rainy_Lake,Kiskitto_Lake,0.3653709530092358,False,not_significant,False,False
Rainy_Lake,Lake_of_the_Woods,OK,1,0.58927,333,0.001996007984031936,0.26333176,0.0707203410377976,500,True,0.9444444444444445,4.96031746031746e-05,2026-08-27T12:09:24,Rainy_Lake,Lake_of_the_Woods,0.009454774661203907,True,resolved,True,True
Rainy_Lake,Okanagan_Lake,OK,6,0.40721,329,0.011976047904191617,0.22360976000000002,0.06893372867285216,500,True,1.0,5.5114638447971785e-06,2026-08-27T12:08:13,Rainy_Lake,Okanagan_Lake,0.03992015968063873,True,resolved,True,False
Rainy_Lake,Playgreen_Lake,OK,1,0.28585,294,0.21157684630738524,0.22675329999999996,0.07857141554604957,500,False,0.05555555555555555,0.919455467372134,2026-08-27T11:54:53,Rainy_Lake,Playgreen_Lake,0.34003421727972627,False,not_significant,False,False
Rainy_Lake,Sipiwesk_Lake,OK,6,0.6492,237,0.001996007984031936,0.32814714000000006,0.10133698937515562,500,True,1.0,5.5114638447971785e-06,2026-08-27T11:54:21,Rainy_Lake,Sipiwesk_Lake,0.009454774661203907,True,resolved,True,False
Rainy_Lake,Skaha_Lake,OK,-4,0.21356,309,0.27944111776447106,0.17997886,0.07511944488147126,500,True,0.8888888888888888,0.00024250440917107584,2026-08-27T12:12:28,Rainy_Lake,Skaha_Lake,0.4085377631833108,False,not_significant,False,False
Rainy_Lake,Split_Lake,OK,3,0.56695,303,0.005988023952095809,0.31242984,0.09348226077911467,500,True,0.9444444444444445,4.96031746031746e-05,2026-08-27T12:11:07,Rainy_Lake,Split_Lake,0.02566295979469632,True,resolved,True,False
Rainy_Lake,Vaseux_Lake,OK,-12,0.43999,316,0.03992015968063872,0.29403858000000005,0.07486673835411557,500,True,1.0,5.5114638447971785e-06,2026-08-27T12:00:37,Rainy_Lake,Vaseux_Lake,0.08762961881115817,False,not_significant,False,False
Sipiwesk_Lake,Kalamalka_Lake,OK,3,0.5075,291,0.011976047904191617,0.31990422,0.06983478449878398,500,True,1.0,5.5114638447971785e-06,2026-08-27T12:06:37,Sipiwesk_Lake,Kalamalka_Lake,0.03992015968063873,True,resolved,True,False
Sipiwesk_Lake,Kiskitto_Lake,OK,7,0.38248,253,0.09580838323353294,0.28760176000000004,0.06942174193797214,500,True,0.8888888888888888,0.00024250440917107584,2026-08-27T12:01:49,Sipiwesk_Lake,Kiskitto_Lake,0.17964071856287425,False,not_significant,False,True
Sipiwesk_Lake,Lake_of_the_Woods,OK,1,0.28674,304,0.4251497005988024,0.28236936,0.0737266131976127,500,False,-0.3888888888888889,0.18018077601410934,2026-08-27T12:05:23,Sipiwesk_Lake,Lake_of_the_Woods,0.5466210436270317,False,not_significant,False,False
Sipiwesk_Lake,Okanagan_Lake,OK,2,0.24704,304,0.281437125748503,0.2188984,0.05713735439307634,500,True,0.9444444444444445,4.96031746031746e-05,2026-08-27T12:19:30,Sipiwesk_Lake,Okanagan_Lake,0.4085377631833108,False,not_significant,False,False
Sipiwesk_Lake,Playgreen_Lake,OK,0,0.67812,267,0.001996007984031936,0.2544408,0.07551024833067363,500,True,0.9444444444444445,4.96031746031746e-05,2026-08-27T12:02:24,Sipiwesk_Lake,Playgreen_Lake,0.009454774661203907,True,unresolved_contemporaneous,True,True
Sipiwesk_Lake,Rainy_Lake,OK,-2,0.3586,302,0.07784431137724551,0.2444064,0.07577645162344301,500,True,0.7777777777777778,0.0024250440917107582,2026-08-27T12:12:22,Sipiwesk_Lake,Rainy_Lake,0.15568862275449102,False,not_significant,False,False
Sipiwesk_Lake,Skaha_Lake,OK,-3,0.17459,281,0.4630738522954092,0.1745206,0.07494281500477547,500,True,0.6666666666666666,0.012665343915343916,2026-08-27T12:18:38,Sipiwesk_Lake,Skaha_Lake,0.5869950240364342,False,not_significant,False,False
Sipiwesk_Lake,Split_Lake,OK,2,0.94009,277,0.001996007984031936,0.33392543999999996,0.08591510115227939,500,True,0.6666666666666666,0.012665343915343916,2026-08-27T12:09:41,Sipiwesk_Lake,Split_Lake,0.009454774661203907,True,resolved,True,True
Sipiwesk_Lake,Vaseux_Lake,OK,-12,0.25556,287,0.8183632734530938,0.3167504,0.06938053763008759,500,True,0.8333333333333334,0.0008542768959435626,2026-08-27T11:57:41,Sipiwesk_Lake,Vaseux_Lake,0.9129975343430786,False,not_significant,False,False
Skaha_Lake,Kalamalka_Lake,OK,12,0.17294,303,0.8882235528942116,0.23200848000000002,0.05043500180717356,500,True,0.9444444444444445,4.96031746031746e-05,2026-08-27T12:25:20,Skaha_Lake,Kalamalka_Lake,0.916575939031029,False,not_significant,False,False
Skaha_Lake,Kiskitto_Lake,OK,6,0.27789,272,0.12375249500998003,0.21903501999999997,0.049009174608430205,500,True,1.0,5.5114638447971785e-06,2026-08-27T11:55:34,Skaha_Lake,Kiskitto_Lake,0.21418701059419623,False,not_significant,False,False
Skaha_Lake,Lake_of_the_Woods,OK,8,0.25552,320,0.23552894211576847,0.22072451999999998,0.04927580983778552,500,True,1.0,5.5114638447971785e-06,2026-08-27T12:18:41,Skaha_Lake,Lake_of_the_Woods,0.3653709530092358,False,not_significant,False,False
Skaha_Lake,Okanagan_Lake,OK,7,0.20943,321,0.3253493013972056,0.19310500000000003,0.04412107320317583,500,True,0.9444444444444445,4.96031746031746e-05,2026-08-27T12:06:55,Skaha_Lake,Okanagan_Lake,0.43703637501117165,False,not_significant,False,True
Skaha_Lake,Playgreen_Lake,OK,-10,0.19202,283,0.5189620758483033,0.19603959999999998,0.051219800509568564,500,True,0.9444444444444445,4.96031746031746e-05,2026-08-27T12:07:14,Skaha_Lake,Playgreen_Lake,0.6398162578951685,False,not_significant,False,False
Skaha_Lake,Rainy_Lake,OK,12,0.18719,316,0.4251497005988024,0.18038938000000002,0.04610983027311638,500,True,0.9444444444444445,4.96031746031746e-05,2026-08-27T12:26:18,Skaha_Lake,Rainy_Lake,0.5466210436270317,False,not_significant,False,False
Skaha_Lake,Sipiwesk_Lake,OK,-7,0.24671,225,0.6786427145708582,0.27169662,0.05822887905134015,500,True,1.0,5.5114638447971785e-06,2026-08-27T12:16:05,Skaha_Lake,Sipiwesk_Lake,0.7932187572906135,False,not_significant,False,False
Skaha_Lake,Split_Lake,OK,11,0.12935,288,0.9840319361277445,0.21326432,0.048547044533499666,500,True,1.0,5.5114638447971785e-06,2026-08-27T12:10:57,Skaha_Lake,Split_Lake,0.9840319361277445,False,not_significant,False,False
Skaha_Lake,Vaseux_Lake,OK,4,0.41263,321,0.001996007984031936,0.22810917999999997,0.057481649053655375,500,True,1.0,5.5114638447971785e-06,2026-08-27T11:55:32,Skaha_Lake,Vaseux_Lake,0.009454774661203907,True,resolved,True,True
Split_Lake,Kalamalka_Lake,OK,2,0.55303,303,0.001996007984031936,0.3241381,0.06992322148893027,500,True,1.0,5.5114638447971785e-06,2026-08-27T12:26:57,Split_Lake,Kalamalka_Lake,0.009454774661203907,True,resolved,True,False
Split_Lake,Kiskitto_Lake,OK,-1,0.45634,265,0.013972055888223553,0.28900274000000004,0.07336377382259177,500,False,-0.7222222222222222,0.0058862433862433864,2026-08-27T12:05:53,Split_Lake,Kiskitto_Lake,0.04491017964071856,False,not_significant,False,False
Split_Lake,Lake_of_the_Woods,OK,2,0.3278,316,0.2275449101796407,0.26914496,0.07680185940586595,500,True,0.7222222222222222,0.0058862433862433864,2026-08-27T12:05:36,Split_Lake,Lake_of_the_Woods,0.3592814371257485,False,not_significant,False,False
Split_Lake,Okanagan_Lake,OK,1,0.32903,317,0.07385229540918163,0.22620498,0.06735303619436617,500,True,0.8888888888888888,0.00024250440917107584,2026-08-27T11:56:48,Split_Lake,Okanagan_Lake,0.15457457178665923,False,not_significant,False,False
Split_Lake,Playgreen_Lake,OK,0,0.68541,282,0.001996007984031936,0.25156258000000004,0.08166657642110144,500,True,0.8888888888888888,0.00024250440917107584,2026-08-27T11:59:26,Split_Lake,Playgreen_Lake,0.009454774661203907,True,unresolved_contemporaneous,True,False
Split_Lake,Rainy_Lake,OK,-2,0.33885,314,0.11776447105788423,0.24003574000000003,0.07985162719977847,500,True,0.6666666666666666,0.012665343915343916,2026-08-27T12:11:32,Split_Lake,Rainy_Lake,0.2119760479041916,False,not_significant,False,False
Split_Lake,Sipiwesk_Lake,OK,1,0.94265,225,0.001996007984031936,0.37816568,0.09949890122678541,500,True,0.8888888888888888,0.00024250440917107584,2026-08-27T11:57:57,Split_Lake,Sipiwesk_Lake,0.009454774661203907,True,resolved,True,True
Split_Lake,Skaha_Lake,OK,-2,0.09624,294,0.874251497005988,0.18119601999999999,0.08107946666548566,500,False,0.3888888888888889,0.18018077601410934,2026-08-27T11:54:43,Split_Lake,Skaha_Lake,0.9149143573318479,False,not_significant,False,False
Split_Lake,Vaseux_Lake,OK,-12,0.30281,299,0.6766467065868264,0.34371979999999996,0.07674452020802527,500,True,0.7777777777777778,0.0024250440917107582,2026-08-27T12:05:50,Split_Lake,Vaseux_Lake,0.7932187572906135,False,not_significant,False,False
Vaseux_Lake,Kalamalka_Lake,OK,1,0.48647,319,0.001996007984031936,0.25785871999999993,0.0566675051150269,500,True,0.9444444444444445,4.96031746031746e-05,2026-08-27T11:56:38,Vaseux_Lake,Kalamalka_Lake,0.009454774661203907,True,resolved,True,False
Vaseux_Lake,Kiskitto_Lake,OK,6,0.32224,278,0.03792415169660679,0.21840258,0.05220808391373505,500,True,1.0,5.5114638447971785e-06,2026-08-27T12:12:28,Vaseux_Lake,Kiskitto_Lake,0.08751727314601566,False,not_significant,False,False
Vaseux_Lake,Lake_of_the_Woods,OK,-10,0.14934,323,0.8562874251497006,0.20516552,0.052834249765938764,500,True,0.8333333333333334,0.0008542768959435626,2026-08-27T12:20:32,Vaseux_Lake,Lake_of_the_Woods,0.9129975343430786,False,not_significant,False,False
Vaseux_Lake,Okanagan_Lake,OK,2,0.3272,333,0.01996007984031936,0.21062892,0.04808514339412538,500,True,0.8888888888888888,0.00024250440917107584,2026-08-27T12:01:16,Vaseux_Lake,Okanagan_Lake,0.05443658138268917,False,not_significant,False,False
Vaseux_Lake,Playgreen_Lake,OK,5,0.1504,290,0.8542914171656687,0.20268248,0.05105815221734527,500,True,0.9444444444444445,4.96031746031746e-05,2026-08-27T12:13:47,Vaseux_Lake,Playgreen_Lake,0.9129975343430786,False,not_significant,False,False
Vaseux_Lake,Rainy_Lake,OK,-10,0.1509,323,0.7065868263473054,0.18298466000000002,0.05306962925520019,500,True,0.8333333333333334,0.0008542768959435626,2026-08-27T12:01:09,Vaseux_Lake,Rainy_Lake,0.804972333813386,False,not_significant,False,False
Vaseux_Lake,Sipiwesk_Lake,OK,12,0.2183,231,0.8622754491017964,0.28700528,0.06129975040178875,500,True,1.0,5.5114638447971785e-06,2026-08-27T12:07:44,Vaseux_Lake,Sipiwesk_Lake,0.9129975343430786,False,not_significant,False,False
Vaseux_Lake,Skaha_Lake,OK,0,0.232,313,0.12375249500998003,0.16676556,0.05482655012570461,500,False,-0.8333333333333334,0.0008542768959435626,2026-08-27T12:03:41,Vaseux_Lake,Skaha_Lake,0.21418701059419623,False,not_significant,False,True
Vaseux_Lake,Split_Lake,OK,11,0.18338,295,0.8303393213572854,0.23374868,0.055854868355923994,500,True,1.0,5.5114638447971785e-06,2026-08-27T11:54:50,Vaseux_Lake,Split_Lake,0.9129975343430786,False,not_significant,False,False
