lake,method,horizon_months,rmse,mae,nse,n_origins,min_exog_lag,requires_foresight
Kalamalka_Lake,SARIMA,1,0.052571803135102506,0.03917501463048981,0.8157986947063469,37,,False
Kalamalka_Lake,SARIMA,3,0.12906684499027196,0.10540941773086275,-0.05290822464859568,35,,False
Kalamalka_Lake,SARIMA,6,0.18306816880746477,0.15339032738439357,-0.9586699756934722,32,,False
Kalamalka_Lake,SARIMA,12,0.22884325324448623,0.20081985119555792,-3.1447717307998957,26,,False
Kalamalka_Lake,Persistence,1,0.05096948007897306,0.03569969969969958,0.8268560326330494,37,,False
Kalamalka_Lake,Persistence,3,0.10556982991589119,0.08432275132275142,0.2955652463825149,35,,False
Kalamalka_Lake,Persistence,6,0.1407067812277513,0.1181405009920635,-0.15708602412342598,32,,False
Kalamalka_Lake,Persistence,12,0.16545775663524864,0.14726923076923062,-1.1666993563208141,26,,False
Kalamalka_Lake,XGBoost_AR_only,1,0.060925333786296394,0.046076058175245536,0.7526096289871083,37,,False
Kalamalka_Lake,XGBoost_AR_only,3,0.14080626889191414,0.11338066146694294,-0.25315592404988285,35,,False
Kalamalka_Lake,XGBoost_AR_only,6,0.19398022908629217,0.16418762163818462,-1.1991280957886747,32,,False
Kalamalka_Lake,XGBoost_AR_only,12,0.19071233529480713,0.17182680066771003,-1.878604230922944,26,,False
Kalamalka_Lake,SARIMAX_all_vars,1,0.05274185330325185,0.041662748037104604,0.8146051224518187,37,1.0,False
Kalamalka_Lake,SARIMAX_all_vars,3,0.12723396599722883,0.10777401349294012,-0.02321585187171049,35,1.0,True
Kalamalka_Lake,SARIMAX_all_vars,6,0.17958158399290053,0.15176774376959376,-0.8847735876183604,32,1.0,True
Kalamalka_Lake,SARIMAX_all_vars,12,0.22278265813804377,0.19582919549849281,-2.9281417741300197,26,1.0,True
Kalamalka_Lake,XGBoost_all_vars,1,0.0602337197237889,0.04815031864798452,0.7581944163803814,37,1.0,False
Kalamalka_Lake,XGBoost_all_vars,3,0.11765363805978556,0.09381726283265314,0.12507293344808923,35,1.0,True
Kalamalka_Lake,XGBoost_all_vars,6,0.16315966955348205,0.1370447903653752,-0.5558267185226884,32,1.0,True
Kalamalka_Lake,XGBoost_all_vars,12,0.17360295965169578,0.15281445494635337,-1.3852760134298991,26,1.0,True
Kalamalka_Lake,SARIMAX_CCM_direct,1,0.04902264179462364,0.0402375138654122,0.839830293323339,37,1.0,False
Kalamalka_Lake,SARIMAX_CCM_direct,3,0.12923953745147954,0.108568734829398,-0.05572770872732269,35,1.0,True
Kalamalka_Lake,SARIMAX_CCM_direct,6,0.1893956151697653,0.1577443088362353,-1.096406181290401,32,1.0,True
Kalamalka_Lake,SARIMAX_CCM_direct,12,0.2333933096285206,0.20616318138284132,-3.3112300345052317,26,1.0,True
Kalamalka_Lake,XGBoost_CCM_direct,1,0.056122092060155934,0.04499672568991257,0.7900795922945743,37,1.0,False
Kalamalka_Lake,XGBoost_CCM_direct,3,0.13625257418650324,0.10813475104135524,-0.17341210013108044,35,1.0,True
Kalamalka_Lake,XGBoost_CCM_direct,6,0.22606556116212867,0.17310940766592303,-1.9867880508167306,32,1.0,True
Kalamalka_Lake,XGBoost_CCM_direct,12,0.25916895239135135,0.21621228732495107,-4.316065673678299,26,1.0,True
Kalamalka_Lake,SARIMAX_CCM_ancestors,1,0.045065306910683,0.035398023670469216,0.8646458350932844,37,1.0,False
Kalamalka_Lake,SARIMAX_CCM_ancestors,3,0.11807751798887178,0.0952775543056271,0.11875724105797547,35,1.0,True
Kalamalka_Lake,SARIMAX_CCM_ancestors,6,0.1734456874997371,0.14329499273803586,-0.7581770370995502,32,1.0,True
Kalamalka_Lake,SARIMAX_CCM_ancestors,12,0.224037507856692,0.1975187247179574,-2.9725178478391876,26,1.0,True
Kalamalka_Lake,XGBoost_CCM_ancestors,1,0.05759370436330408,0.04711230652081025,0.778926349283436,37,1.0,False
Kalamalka_Lake,XGBoost_CCM_ancestors,3,0.13352044125509693,0.10650907682107223,-0.12682545219548502,35,1.0,True
Kalamalka_Lake,XGBoost_CCM_ancestors,6,0.20992527052010332,0.16616763523230288,-1.5755206381871716,32,1.0,True
Kalamalka_Lake,XGBoost_CCM_ancestors,12,0.24258359998060527,0.21538635987541752,-3.657439955113529,26,1.0,True
Kalamalka_Lake,SARIMAX_Stepwise,1,0.0531795664679939,0.04168469847201255,0.8115151090738659,37,1.0,False
Kalamalka_Lake,SARIMAX_Stepwise,3,0.12696772888265886,0.10757115080023527,-0.0189381730862086,35,1.0,True
Kalamalka_Lake,SARIMAX_Stepwise,6,0.17755481457581274,0.14996879004323443,-0.8424703069725616,32,1.0,True
Kalamalka_Lake,SARIMAX_Stepwise,12,0.21900278917585664,0.19214102971516717,-2.7959779667999065,26,1.0,True
Kalamalka_Lake,XGBoost_Stepwise,1,0.061349426424750754,0.04936410989121287,0.7491535432222107,37,1.0,False
Kalamalka_Lake,XGBoost_Stepwise,3,0.12498064734592093,0.10334959953849943,0.01270560877555904,35,1.0,True
Kalamalka_Lake,XGBoost_Stepwise,6,0.18457111517309185,0.1564550601897048,-0.9909624249237765,32,1.0,True
Kalamalka_Lake,XGBoost_Stepwise,12,0.2185480407007491,0.20060347157071076,-2.780230012190383,26,1.0,True
Kalamalka_Lake,XGBoost_CCM_neighbor,1,0.09670911828264404,0.07907192755301908,0.44915193637163253,27,1.0,False
Kalamalka_Lake,XGBoost_CCM_neighbor,3,0.18545638424281205,0.15831897333456293,-0.7788740967973367,21,1.0,True
Kalamalka_Lake,XGBoost_CCM_neighbor,6,0.1583008576295391,0.15208772126326364,-0.6241153929174006,12,1.0,True
Kalamalka_Lake,XGBoost_CCM_neighbor,12,,,,0,1.0,True
Kiskitto_Lake,SARIMA,1,0.07704907399297044,0.0512571030985817,0.7581186929929784,37,,False
Kiskitto_Lake,SARIMA,3,0.18610256729823482,0.14483713091656267,-0.39384300771383995,35,,False
Kiskitto_Lake,SARIMA,6,0.260855260117349,0.21462998784276976,-1.4653972708682534,32,,False
Kiskitto_Lake,SARIMA,12,0.2191769442050296,0.19505770788940552,-3.126378236216353,26,,False
Kiskitto_Lake,Persistence,1,0.08023829384012936,0.0514142013342653,0.7372963457686039,25,,False
Kiskitto_Lake,Persistence,3,0.18872722114109472,0.14728480720299195,-0.4571997492665454,25,,False
Kiskitto_Lake,Persistence,6,0.25696811433010447,0.21210965870344461,-1.3924682818385907,25,,False
Kiskitto_Lake,Persistence,12,0.21901123961322455,0.19684615384615148,-3.1201412540201554,25,,False
Kiskitto_Lake,XGBoost_AR_only,1,0.087714923511572,0.06141802476410163,0.6865166800363462,32,,False
Kiskitto_Lake,XGBoost_AR_only,3,0.17388571220523086,0.1323464755105913,-0.2168496712822241,32,,False
Kiskitto_Lake,XGBoost_AR_only,6,0.2559533778198832,0.1918286197390722,-1.3736104439856658,32,,False
Kiskitto_Lake,XGBoost_AR_only,12,0.2662723029362729,0.220089239665253,-5.09019625319226,26,,False
Kiskitto_Lake,XGBoost_all_vars,1,0.11679445441721092,0.09152447466235476,0.4442084955180938,32,1.0,False
Kiskitto_Lake,XGBoost_all_vars,3,0.24986528301033348,0.20204265672659005,-1.5125861910343228,30,1.0,True
Kiskitto_Lake,XGBoost_all_vars,6,0.36182341904911003,0.3225070324896146,-3.7433050957606904,27,1.0,True
Kiskitto_Lake,XGBoost_all_vars,12,0.4473955094472686,0.3732805778067136,-16.193430615076217,21,1.0,True
Kiskitto_Lake,SARIMAX_CCM_direct,1,0.07254916373524306,0.047855277923046204,0.785546923445852,37,1.0,False
Kiskitto_Lake,SARIMAX_CCM_direct,3,0.18038348010881244,0.141813886611502,-0.30949141352496157,35,1.0,True
Kiskitto_Lake,SARIMAX_CCM_direct,6,0.2565458751780152,0.21246241122753678,-1.3846123357615445,32,1.0,True
Kiskitto_Lake,SARIMAX_CCM_direct,12,0.21241928490190767,0.19303061686299403,-2.875851989000737,26,1.0,True
Kiskitto_Lake,XGBoost_CCM_direct,1,0.0688665202983444,0.05317978794592667,0.8067659135114904,32,1.0,False
Kiskitto_Lake,XGBoost_CCM_direct,3,0.12175242077188834,0.09233286451795922,0.4034259723757744,32,1.0,True
Kiskitto_Lake,XGBoost_CCM_direct,6,0.13817888280531407,0.10100421711759336,0.30821511674452806,32,1.0,True
Kiskitto_Lake,XGBoost_CCM_direct,12,0.1112118856006117,0.09785054461688411,-0.062384455210656276,26,1.0,True
Kiskitto_Lake,SARIMAX_CCM_ancestors,1,0.07254916373524306,0.047855277923046204,0.785546923445852,37,1.0,False
Kiskitto_Lake,SARIMAX_CCM_ancestors,3,0.18038348010881244,0.141813886611502,-0.30949141352496157,35,1.0,True
Kiskitto_Lake,SARIMAX_CCM_ancestors,6,0.2565458751780152,0.21246241122753678,-1.3846123357615445,32,1.0,True
Kiskitto_Lake,SARIMAX_CCM_ancestors,12,0.21241928490190767,0.19303061686299403,-2.875851989000737,26,1.0,True
Kiskitto_Lake,XGBoost_CCM_ancestors,1,0.0688665202983444,0.05317978794592667,0.8067659135114904,32,1.0,False
Kiskitto_Lake,XGBoost_CCM_ancestors,3,0.12175242077188834,0.09233286451795922,0.4034259723757744,32,1.0,True
Kiskitto_Lake,XGBoost_CCM_ancestors,6,0.13817888280531407,0.10100421711759336,0.30821511674452806,32,1.0,True
Kiskitto_Lake,XGBoost_CCM_ancestors,12,0.1112118856006117,0.09785054461688411,-0.062384455210656276,26,1.0,True
Kiskitto_Lake,XGBoost_Stepwise,1,0.08727851496811981,0.060249273626219235,0.689628270762008,32,1.0,False
Kiskitto_Lake,XGBoost_Stepwise,3,0.17398156891849112,0.14359545696336665,-0.21819164882677033,30,1.0,True
Kiskitto_Lake,XGBoost_Stepwise,6,0.2458682709059002,0.19865331198165623,-1.1902449498372785,27,1.0,True
Kiskitto_Lake,XGBoost_Stepwise,12,0.23142075553268143,0.19657779150658536,-3.6002762603229694,21,1.0,True
Lake_of_the_Woods,SARIMA,1,0.15658806237350148,0.09883214232263035,0.7599936865527873,37,,False
Lake_of_the_Woods,SARIMA,3,0.34168507946177645,0.235862910646122,-0.1122053321283385,35,,False
Lake_of_the_Woods,SARIMA,6,0.39107872273906075,0.2648073285055995,-0.3352009473201636,32,,False
Lake_of_the_Woods,SARIMA,12,0.1550627487805068,0.11878044168673191,-0.8245129885838858,26,,False
Lake_of_the_Woods,Persistence,1,0.18222371246901745,0.11356652276312794,0.6749762127801953,37,,False
Lake_of_the_Woods,Persistence,3,0.414581722214129,0.2836772315433645,-0.6373941942120216,35,,False
Lake_of_the_Woods,Persistence,6,0.5461872962645529,0.3794525420679715,-1.604362569656851,32,,False
Lake_of_the_Woods,Persistence,12,0.4124384773467997,0.2465288461538386,-11.90774426451595,26,,False
Lake_of_the_Woods,XGBoost_AR_only,1,0.21029266135183586,0.11539514622958714,0.5671338750909052,37,,False
Lake_of_the_Woods,XGBoost_AR_only,3,0.3471852782339724,0.21743374670188423,-0.14830048002605634,35,,False
Lake_of_the_Woods,XGBoost_AR_only,6,0.3584729083484121,0.2132841802713319,-0.12184003430186374,32,,False
Lake_of_the_Woods,XGBoost_AR_only,12,0.11755789528876921,0.08688053353756686,-0.048662182995128145,26,,False
Lake_of_the_Woods,XGBoost_all_vars,1,0.22394163619866878,0.13114951488305948,0.5577442469185754,32,1.0,False
Lake_of_the_Woods,XGBoost_all_vars,3,0.29075621803990104,0.18285530730757577,0.27564680387247587,30,1.0,True
Lake_of_the_Woods,XGBoost_all_vars,6,0.29176268665647487,0.18060583531326688,0.3400243878144118,27,1.0,True
Lake_of_the_Woods,XGBoost_all_vars,12,0.11330858764887701,0.09368163484673514,0.08710736027953347,21,1.0,True
Lake_of_the_Woods,XGBoost_CCM_direct,1,0.22711186331183952,0.13309703199185563,0.5451340395111737,32,1.0,False
Lake_of_the_Woods,XGBoost_CCM_direct,3,0.35072026045094046,0.22429730448139557,-0.053935585075240544,30,1.0,True
Lake_of_the_Woods,XGBoost_CCM_direct,6,0.3687991392266738,0.24028187216493666,-0.05450388981128995,27,1.0,True
Lake_of_the_Woods,XGBoost_CCM_direct,12,0.12402319044035814,0.08651728466201987,-0.09370412830611285,21,1.0,True
Lake_of_the_Woods,XGBoost_CCM_ancestors,1,0.2397008915478286,0.13527080403511604,0.49330911016824397,32,1.0,False
Lake_of_the_Woods,XGBoost_CCM_ancestors,3,0.3522264390733616,0.21378699324448008,-0.0630073384246197,30,1.0,True
Lake_of_the_Woods,XGBoost_CCM_ancestors,6,0.36785470910448664,0.2253787587953361,-0.04911000483649186,27,1.0,True
Lake_of_the_Woods,XGBoost_CCM_ancestors,12,0.11216517055229933,0.07871054538257265,0.10543872247285069,21,1.0,True
Lake_of_the_Woods,XGBoost_Stepwise,1,0.2154302939544454,0.12699497264598847,0.5907229945403969,32,1.0,False
Lake_of_the_Woods,XGBoost_Stepwise,3,0.2666850239270027,0.1707282684072652,0.3906180106777071,30,1.0,True
Lake_of_the_Woods,XGBoost_Stepwise,6,0.28073836090128873,0.17891605087443083,0.38895680974716795,27,1.0,True
Lake_of_the_Woods,XGBoost_Stepwise,12,0.12666324024239972,0.10530504384296419,-0.14076251123146677,21,1.0,True
Lake_of_the_Woods,XGBoost_CCM_neighbor,1,0.23790703666212537,0.13050786911100687,0.5008646001196846,32,1.0,False
Lake_of_the_Woods,XGBoost_CCM_neighbor,3,0.31206940368322744,0.19145508865739583,0.1655607184504393,30,1.0,True
Lake_of_the_Woods,XGBoost_CCM_neighbor,6,0.3212883717965007,0.19663877812059094,0.19968970436591493,27,1.0,True
Lake_of_the_Woods,XGBoost_CCM_neighbor,12,0.11958730189470586,0.09394438836265062,-0.016867080860435646,21,1.0,True
Okanagan_Lake,SARIMA,1,0.07447932287829645,0.05071898670954519,0.21445158514535878,37,,False
Okanagan_Lake,SARIMA,3,0.08891653219970115,0.07367045692413672,-0.2527462194927623,35,,False
Okanagan_Lake,SARIMA,6,0.09605646221983445,0.0778788301452984,-0.4376545393209308,32,,False
Okanagan_Lake,SARIMA,12,0.09735543083618739,0.08275111298898966,-1.5276689446925076,26,,False
Okanagan_Lake,Persistence,1,0.07816639352905595,0.05904836979836977,0.13474988265889498,37,,False
Okanagan_Lake,Persistence,3,0.11062619660839512,0.09506519274376411,-0.939161724190622,35,,False
Okanagan_Lake,Persistence,6,0.1414516074974662,0.106805183531746,-2.117576647060285,32,,False
Okanagan_Lake,Persistence,12,0.13050773628704632,0.10442307692307688,-3.5422636637454925,26,,False
Okanagan_Lake,XGBoost_AR_only,1,0.08041817360707174,0.054304181329272595,0.08418041161567102,37,,False
Okanagan_Lake,XGBoost_AR_only,3,0.09785545985401489,0.07900291324826016,-0.5172885900190027,35,,False
Okanagan_Lake,XGBoost_AR_only,6,0.11980737044358467,0.09669245293220716,-1.2364976060870196,32,,False
Okanagan_Lake,XGBoost_AR_only,12,0.09873896896863583,0.07144938394435255,-1.6000218793662726,26,,False
Okanagan_Lake,SARIMAX_all_vars,1,0.06651807519243153,0.04293787061356752,0.37341374366129887,37,1.0,False
Okanagan_Lake,SARIMAX_all_vars,3,0.0822406482966496,0.06664567475311543,-0.07169478641362592,35,1.0,True
Okanagan_Lake,SARIMAX_all_vars,6,0.07883061886502798,0.06472989715132321,0.0317416807100217,32,1.0,True
Okanagan_Lake,SARIMAX_all_vars,12,0.07019927974299046,0.058885415999996145,-0.3142111243257335,26,1.0,True
Okanagan_Lake,XGBoost_all_vars,1,0.07743364071026658,0.048550094033495174,0.15089602226727117,37,1.0,False
Okanagan_Lake,XGBoost_all_vars,3,0.08374820424991938,0.05779448281488385,-0.1113454472981592,35,1.0,True
Okanagan_Lake,XGBoost_all_vars,6,0.08286711810943952,0.05736399701402086,-0.06995579716046074,32,1.0,True
Okanagan_Lake,XGBoost_all_vars,12,0.07817338191508434,0.049293716834610146,-0.6297373846429652,26,1.0,True
Okanagan_Lake,SARIMAX_CCM_direct,1,0.07430178359161776,0.049133347633275745,0.21819220670050843,37,1.0,False
Okanagan_Lake,SARIMAX_CCM_direct,3,0.0963857774365878,0.07726696331539243,-0.4720547974712437,35,1.0,True
Okanagan_Lake,SARIMAX_CCM_direct,6,0.10679222666095504,0.0842755229031262,-0.7769722622434156,32,1.0,True
Okanagan_Lake,SARIMAX_CCM_direct,12,0.10598762701602285,0.08938052173550942,-1.9957817036893868,26,1.0,True
Okanagan_Lake,XGBoost_CCM_direct,1,0.07965515455860257,0.05123629033251642,0.10147681765970018,37,1.0,False
Okanagan_Lake,XGBoost_CCM_direct,3,0.09620826838663575,0.0717070118799028,-0.46663776518926525,35,1.0,True
Okanagan_Lake,XGBoost_CCM_direct,6,0.12092486192020904,0.09361564721883683,-1.2784136056911728,32,1.0,True
Okanagan_Lake,XGBoost_CCM_direct,12,0.08718805646760694,0.07441982894210468,-1.0272803934483532,26,1.0,True
Okanagan_Lake,SARIMAX_CCM_ancestors,1,0.0757777672359645,0.049872907076347846,0.18682292432756198,37,1.0,False
Okanagan_Lake,SARIMAX_CCM_ancestors,3,0.09763077974344925,0.07756942647470862,-0.5103290763995139,35,1.0,True
Okanagan_Lake,SARIMAX_CCM_ancestors,6,0.10731968755273509,0.08663605086640408,-0.7945690122427127,32,1.0,True
Okanagan_Lake,SARIMAX_CCM_ancestors,12,0.10622422282465402,0.08901010219679065,-2.009171578124474,26,1.0,True
Okanagan_Lake,XGBoost_CCM_ancestors,1,0.0784824923102304,0.05397954542655533,0.12773772537373218,37,1.0,False
Okanagan_Lake,XGBoost_CCM_ancestors,3,0.10040665487080452,0.08052698179910509,-0.5974345176168101,35,1.0,True
Okanagan_Lake,XGBoost_CCM_ancestors,6,0.11564323359065873,0.09591984317501212,-1.0837317957755856,32,1.0,True
Okanagan_Lake,XGBoost_CCM_ancestors,12,0.07938276075160772,0.06816932960763179,-0.6805530399782598,26,1.0,True
Okanagan_Lake,SARIMAX_Stepwise,1,0.06862110243477648,0.04401012794910131,0.3331672835784749,37,1.0,False
Okanagan_Lake,SARIMAX_Stepwise,3,0.08548414538530824,0.07002277147914028,-0.1578951001274047,35,1.0,True
Okanagan_Lake,SARIMAX_Stepwise,6,0.08923876347961096,0.07234698466375389,-0.24081905131144077,32,1.0,True
Okanagan_Lake,SARIMAX_Stepwise,12,0.07126467165424831,0.05895109045276508,-0.3544045485111913,26,1.0,True
Okanagan_Lake,XGBoost_Stepwise,1,0.07634174110989848,0.046822003149413496,0.17467378769792385,37,1.0,False
Okanagan_Lake,XGBoost_Stepwise,3,0.07973237121759937,0.05705126543394934,-0.00731993263912778,35,1.0,True
Okanagan_Lake,XGBoost_Stepwise,6,0.08388179682578044,0.061296439541773794,-0.09631868199523597,32,1.0,True
Okanagan_Lake,XGBoost_Stepwise,12,0.08587610772449344,0.05360917064061748,-0.9667290415724954,26,1.0,True
Okanagan_Lake,XGBoost_CCM_neighbor,1,0.07224502051296837,0.054610653755007815,0.06101771814245116,25,1.0,False
Okanagan_Lake,XGBoost_CCM_neighbor,3,0.0865811902794502,0.07454856056710986,-0.673973028265882,19,1.0,True
Okanagan_Lake,XGBoost_CCM_neighbor,6,0.10570228243437708,0.08859743529834911,-0.7616776405186787,10,1.0,True
Okanagan_Lake,XGBoost_CCM_neighbor,12,,,,0,1.0,True
Playgreen_Lake,SARIMA,1,0.13511055116494936,0.09899576039698968,0.805404159156902,37,,False
Playgreen_Lake,SARIMA,3,0.3016477974178384,0.19946674857534888,0.03003661715082806,35,,False
Playgreen_Lake,SARIMA,6,0.3773516289066109,0.3145122947619862,-0.5579224160736447,32,,False
Playgreen_Lake,SARIMA,12,0.24277796183495023,0.21242165869246502,-2.686542726388157,26,,False
Playgreen_Lake,Persistence,1,0.17282365876165856,0.12282233238366302,0.6887221687167389,18,,False
Playgreen_Lake,Persistence,3,0.4213146121878426,0.3131445904042233,-0.6066697126883072,18,,False
Playgreen_Lake,Persistence,6,0.49171242722553304,0.45065443329617794,-1.7711610825477213,18,,False
Playgreen_Lake,Persistence,12,0.5317488834026824,0.4643749999999969,-25.598929847991865,18,,False
Playgreen_Lake,XGBoost_AR_only,1,0.1579729662718396,0.10900032482788428,0.7339761536566146,32,,False
Playgreen_Lake,XGBoost_AR_only,3,0.3184130319956201,0.20520800721058188,-0.08077848567355961,32,,False
Playgreen_Lake,XGBoost_AR_only,6,0.4365160626627543,0.3372584770070394,-1.0847492515670947,32,,False
Playgreen_Lake,XGBoost_AR_only,12,0.2076294339094632,0.17105803108812426,-1.6963644289344715,26,,False
Playgreen_Lake,XGBoost_all_vars,1,0.15699337158580065,0.10862575454591511,0.7372651666100649,32,1.0,False
Playgreen_Lake,XGBoost_all_vars,3,0.2980478431642699,0.2124652253671005,0.053050128970172694,30,1.0,True
Playgreen_Lake,XGBoost_all_vars,6,0.40583828329501137,0.32015590069552785,-0.8020191112873887,27,1.0,True
Playgreen_Lake,XGBoost_all_vars,12,0.18569924614697242,0.16835040769008933,-1.1568554037638807,21,1.0,True
Playgreen_Lake,XGBoost_CCM_direct,1,0.1531707652933523,0.10849250583458235,0.7499039762677367,32,1.0,False
Playgreen_Lake,XGBoost_CCM_direct,3,0.3008937641943363,0.2180736541961655,0.03487981836971943,30,1.0,True
Playgreen_Lake,XGBoost_CCM_direct,6,0.45638414728642,0.4087581405364119,-1.278843333787128,27,1.0,True
Playgreen_Lake,XGBoost_CCM_direct,12,0.4625305939804092,0.44823406974179786,-12.3807876344301,21,1.0,True
Playgreen_Lake,XGBoost_CCM_ancestors,1,0.1497570826400841,0.10795426492114284,0.7609274219703371,32,1.0,False
Playgreen_Lake,XGBoost_CCM_ancestors,3,0.28670561823657265,0.22185037750817255,0.12375121406627021,30,1.0,True
Playgreen_Lake,XGBoost_CCM_ancestors,6,0.45252806966689113,0.4103088060341918,-1.2404972447506468,27,1.0,True
Playgreen_Lake,XGBoost_CCM_ancestors,12,0.4461645836368944,0.4298544013470733,-11.45061877906272,21,1.0,True
Playgreen_Lake,XGBoost_Stepwise,1,0.1623648514636557,0.11467290543908998,0.7189788144681233,32,1.0,False
Playgreen_Lake,XGBoost_Stepwise,3,0.30431492360884743,0.22686310205351706,0.012808235110382538,30,1.0,True
Playgreen_Lake,XGBoost_Stepwise,6,0.4241729448678945,0.34755834264050045,-0.9685175761270937,27,1.0,True
Playgreen_Lake,XGBoost_Stepwise,12,0.23333617677789834,0.21367057302073691,-2.405374696859845,21,1.0,True
Playgreen_Lake,XGBoost_CCM_neighbor,1,0.17301412384891274,0.12573977062324104,0.6809063674100939,32,1.0,False
Playgreen_Lake,XGBoost_CCM_neighbor,3,0.31069598737098403,0.23697683230729816,-0.029025912788527286,30,1.0,True
Playgreen_Lake,XGBoost_CCM_neighbor,6,0.4587460755444454,0.41553869787083497,-1.3024917994574632,27,1.0,True
Playgreen_Lake,XGBoost_CCM_neighbor,12,0.44340201610990015,0.4264255779289859,-11.296912319164955,21,1.0,True
Rainy_Lake,SARIMA,1,0.22555930364142315,0.15170080082432855,0.06653300995005262,37,,False
Rainy_Lake,SARIMA,3,0.3091202518598448,0.24327581504322815,-0.6978157457431418,35,,False
Rainy_Lake,SARIMA,6,0.32894039131373465,0.2398241905767127,-0.7621055985008138,32,,False
Rainy_Lake,SARIMA,12,0.2036092595140726,0.17025054518643548,-2.0137167687337336,26,,False
Rainy_Lake,Persistence,1,0.21114677622508954,0.11893181926483132,-0.005386351572982395,36,,False
Rainy_Lake,Persistence,3,0.33637708712000447,0.22847078941674853,-0.9530156497158202,34,,False
Rainy_Lake,Persistence,6,0.4110587189951523,0.25581228436079756,-1.7204972119691568,31,,False
Rainy_Lake,Persistence,12,0.24501689737648655,0.12408000000001039,-3.2006695496817503,25,,False
Rainy_Lake,XGBoost_AR_only,1,0.21966393794634692,0.11502175731561692,0.11469074485557784,37,,False
Rainy_Lake,XGBoost_AR_only,3,0.2547257475106998,0.14536883922233848,-0.1528726345377709,35,,False
Rainy_Lake,XGBoost_AR_only,6,0.2696054818231926,0.1537149150901842,-0.1837362796903934,32,,False
Rainy_Lake,XGBoost_AR_only,12,0.1196607821335591,0.10382514741227694,-0.040904916868417907,26,,False
Rainy_Lake,XGBoost_all_vars,1,0.23071992395039922,0.12755670440458655,0.11296680414564819,32,1.0,False
Rainy_Lake,XGBoost_all_vars,3,0.2536825068669669,0.15982301621813255,-0.036323685897960756,30,1.0,True
Rainy_Lake,XGBoost_all_vars,6,0.26893514010139824,0.16768241507945994,-0.047777325054270126,27,1.0,True
Rainy_Lake,XGBoost_all_vars,12,0.14048731396672598,0.11050469882968628,-0.3779077743289425,21,1.0,True
Rainy_Lake,XGBoost_CCM_direct,1,0.24294985085926932,0.1303915978103855,0.016435270151714754,32,1.0,False
Rainy_Lake,XGBoost_CCM_direct,3,0.27969862725390754,0.16872111770182668,-0.25978099622650563,30,1.0,True
Rainy_Lake,XGBoost_CCM_direct,6,0.3124859351403384,0.1953569187043277,-0.4146038639941829,27,1.0,True
Rainy_Lake,XGBoost_CCM_direct,12,0.1354245468523845,0.11437740786804322,-0.28038540301330395,21,1.0,True
Rainy_Lake,XGBoost_CCM_ancestors,1,0.2312124120421721,0.13169983762299448,0.10917589154749285,32,1.0,False
Rainy_Lake,XGBoost_CCM_ancestors,3,0.2787484510314241,0.1781599462721072,-0.2512362225454199,30,1.0,True
Rainy_Lake,XGBoost_CCM_ancestors,6,0.326731607910353,0.21013766394115954,-0.5465223141236588,27,1.0,True
Rainy_Lake,XGBoost_CCM_ancestors,12,0.18213401366033993,0.1380823071043172,-1.3159439719331623,21,1.0,True
Rainy_Lake,XGBoost_Stepwise,1,0.23113168589178582,0.13182356343680024,0.1097978326136585,32,1.0,False
Rainy_Lake,XGBoost_Stepwise,3,0.25212789236552297,0.15757551708757797,-0.023661028653418237,30,1.0,True
Rainy_Lake,XGBoost_Stepwise,6,0.2708893386551143,0.17847193747420184,-0.06305985136742209,27,1.0,True
Rainy_Lake,XGBoost_Stepwise,12,0.1467951403728247,0.12831156087431628,-0.5044206616687934,21,1.0,True
Rainy_Lake,XGBoost_CCM_neighbor,1,0.23378537806728197,0.13559954009794287,0.08923913004034612,32,1.0,False
Rainy_Lake,XGBoost_CCM_neighbor,3,0.2743736167485365,0.17801355686310671,-0.21226922218944178,30,1.0,True
Rainy_Lake,XGBoost_CCM_neighbor,6,0.2935128845521395,0.18859315216194808,-0.24803921514215088,27,1.0,True
Rainy_Lake,XGBoost_CCM_neighbor,12,0.2112547966342578,0.1539975762251353,-2.115724787531258,21,1.0,True
Sipiwesk_Lake,SARIMA,1,0.46711184046771914,0.37819837212071183,0.8781203725166482,37,,False
Sipiwesk_Lake,SARIMA,3,1.1627035322387531,0.9116364890463352,0.2273682356683404,35,,False
Sipiwesk_Lake,SARIMA,6,1.65981671881027,1.4114544616922133,-0.718572923796464,32,,False
Sipiwesk_Lake,SARIMA,12,1.2629782551642892,1.1592767111817865,-1.7386534206040154,26,,False
Sipiwesk_Lake,Persistence,1,0.5328660226209118,0.3751077529730688,0.84768683589707,25,,False
Sipiwesk_Lake,Persistence,3,1.3606179912252465,1.0070786719484028,-0.02880926784475535,25,,False
Sipiwesk_Lake,Persistence,6,2.2524055913262533,1.9070801277529057,-2.14813096165355,25,,False
Sipiwesk_Lake,Persistence,12,2.420086664055333,2.2410000000000005,-9.055580928990516,25,,False
Sipiwesk_Lake,XGBoost_AR_only,1,0.5216785513728402,0.4051410800736382,0.8479818900746865,32,,False
Sipiwesk_Lake,XGBoost_AR_only,3,1.203962969371543,0.9232051184999519,0.17156043112990904,32,,False
Sipiwesk_Lake,XGBoost_AR_only,6,1.8049355976275308,1.471664610375294,-1.0322218490979367,32,,False
Sipiwesk_Lake,XGBoost_AR_only,12,1.2462129093180807,1.1304747729958295,-1.6664277479802858,26,,False
Sipiwesk_Lake,XGBoost_all_vars,1,0.5097018550730198,0.3794426951914905,0.8548818295275471,32,1.0,False
Sipiwesk_Lake,XGBoost_all_vars,3,0.8676112808246474,0.688126071766003,0.5697855875224047,30,1.0,True
Sipiwesk_Lake,XGBoost_all_vars,6,0.990389412081561,0.7863973700512146,0.3881292772853496,27,1.0,True
Sipiwesk_Lake,XGBoost_all_vars,12,0.6433993437595781,0.4717240369329851,0.28926687682006247,21,1.0,True
Sipiwesk_Lake,XGBoost_CCM_direct,1,0.5081931397371667,0.39391594920559214,0.8557396564058131,32,1.0,False
Sipiwesk_Lake,XGBoost_CCM_direct,3,0.8999972312615175,0.7206146156409416,0.5370682988161035,30,1.0,True
Sipiwesk_Lake,XGBoost_CCM_direct,6,1.009216591406372,0.8463795807139538,0.36464498987695204,27,1.0,True
Sipiwesk_Lake,XGBoost_CCM_direct,12,0.5986662546104019,0.4374818116553828,0.3846603700014608,21,1.0,True
Sipiwesk_Lake,XGBoost_CCM_ancestors,1,0.5031690540867526,0.3813409646110036,0.8585779225431426,32,1.0,False
Sipiwesk_Lake,XGBoost_CCM_ancestors,3,0.8308760194438467,0.6665809920791901,0.6054454786932522,30,1.0,True
Sipiwesk_Lake,XGBoost_CCM_ancestors,6,0.9970368520104193,0.795731634021446,0.37988802627857576,27,1.0,True
Sipiwesk_Lake,XGBoost_CCM_ancestors,12,0.7094462974728223,0.4988162045248605,0.13585945654763454,21,1.0,True
Sipiwesk_Lake,XGBoost_Stepwise,1,0.5178026275593365,0.38676354796610707,0.8502324015318021,32,1.0,False
Sipiwesk_Lake,XGBoost_Stepwise,3,0.8385674871151441,0.644871300037088,0.5981068397468949,30,1.0,True
Sipiwesk_Lake,XGBoost_Stepwise,6,0.9456621369787744,0.7322795356427096,0.44214709722564827,27,1.0,True
Sipiwesk_Lake,XGBoost_Stepwise,12,0.385305502577856,0.30529690094256634,0.7451082663468606,21,1.0,True
Sipiwesk_Lake,XGBoost_CCM_neighbor,1,0.5383675603997098,0.42158336061929685,0.8380998940908315,32,1.0,False
Sipiwesk_Lake,XGBoost_CCM_neighbor,3,0.9534944390116907,0.752276994170555,0.4803978922086899,30,1.0,True
Sipiwesk_Lake,XGBoost_CCM_neighbor,6,1.0409576462834802,0.8453029621174707,0.3240511790557937,27,1.0,True
Sipiwesk_Lake,XGBoost_CCM_neighbor,12,0.740960479212733,0.5487143711037408,0.05738267491430826,21,1.0,True
Skaha_Lake,SARIMA,1,0.044859591725277155,0.03617830553774235,0.2681931208289742,37,,False
Skaha_Lake,SARIMA,3,0.057229053329012146,0.04832927580722928,-0.14735800949356737,35,,False
Skaha_Lake,SARIMA,6,0.06275558168858936,0.052849992344576505,-0.7262191794194022,32,,False
Skaha_Lake,SARIMA,12,0.06723010613844856,0.0571423430111162,-2.348368838192566,26,,False
Skaha_Lake,Persistence,1,0.04851382348934221,0.039451724581724655,0.14411214896013103,37,,False
Skaha_Lake,Persistence,3,0.060073245516177015,0.04655142705971283,-0.2642356108810413,35,,False
Skaha_Lake,Persistence,6,0.06753709803050048,0.05130807705026462,-0.9992909959615501,32,,False
Skaha_Lake,Persistence,12,0.08006127461081099,0.0630384615384615,-3.748437189228267,26,,False
Skaha_Lake,XGBoost_AR_only,1,0.046349432648361055,0.03744546342697071,0.2187775787432622,37,,False
Skaha_Lake,XGBoost_AR_only,3,0.05141335655438367,0.041512440133537484,0.07398559244848446,35,,False
Skaha_Lake,XGBoost_AR_only,6,0.05214641969290547,0.043175504568866374,-0.19190107105930898,32,,False
Skaha_Lake,XGBoost_AR_only,12,0.06504081661436475,0.054622646649315994,-2.133846125574063,26,,False
Skaha_Lake,SARIMAX_all_vars,1,0.04426651001214651,0.034317044476290054,0.28741541853426766,37,1.0,False
Skaha_Lake,SARIMAX_all_vars,3,0.054643195427643274,0.046373157202760654,-0.0460152206285529,35,1.0,True
Skaha_Lake,SARIMAX_all_vars,6,0.056616690201980596,0.048742004286980126,-0.40501245040951384,32,1.0,True
Skaha_Lake,SARIMAX_all_vars,12,0.0578847652655011,0.049501947726341054,-1.4821855935093122,26,1.0,True
Skaha_Lake,XGBoost_all_vars,1,0.042699812134483844,0.03314048640897688,0.33696297181018586,37,1.0,False
Skaha_Lake,XGBoost_all_vars,3,0.04848404295164533,0.0416078928652211,0.17650022965439416,35,1.0,True
Skaha_Lake,XGBoost_all_vars,6,0.04569943729888914,0.03829003162621575,0.08459575114137152,32,1.0,True
Skaha_Lake,XGBoost_all_vars,12,0.046769246316869816,0.03998738127989075,-0.6204156926456457,26,1.0,True
Skaha_Lake,SARIMAX_Stepwise,1,0.04431289822797768,0.035440572866669566,0.28592115809684904,37,1.0,False
Skaha_Lake,SARIMAX_Stepwise,3,0.054740691944017664,0.04702713734715779,-0.04975123277658411,35,1.0,True
Skaha_Lake,SARIMAX_Stepwise,6,0.057803524980638274,0.04955759373928831,-0.46453537246585985,32,1.0,True
Skaha_Lake,SARIMAX_Stepwise,12,0.059774373660490945,0.050695421269204385,-1.6468892243476962,26,1.0,True
Skaha_Lake,XGBoost_Stepwise,1,0.04705885483171744,0.038788993378955826,0.19467985458521087,37,1.0,False
Skaha_Lake,XGBoost_Stepwise,3,0.05416157531071492,0.04601578497872885,-0.027657515707679936,35,1.0,True
Skaha_Lake,XGBoost_Stepwise,6,0.04996129638289798,0.04181517827643805,-0.09410402646345206,32,1.0,True
Skaha_Lake,XGBoost_Stepwise,12,0.05506352184095742,0.04499575635435303,-1.2461236889626321,26,1.0,True
Split_Lake,SARIMA,1,0.2959240570503563,0.16636037894588998,0.8478610171320885,37,,False
Split_Lake,SARIMA,3,0.6460465843782578,0.49555413974227264,0.26393736886268726,35,,False
Split_Lake,SARIMA,6,1.0211721837233,0.8161681733966768,-0.6994839243281901,32,,False
Split_Lake,SARIMA,12,1.2554450828111452,1.0704967558008103,-4.979184448555603,26,,False
Split_Lake,Persistence,1,0.21953533142243553,0.16718900226757358,0.9111052618814232,36,,False
Split_Lake,Persistence,3,0.6098202262434567,0.48155371480371634,0.28073254560418104,34,,False
Split_Lake,Persistence,6,1.041627662412028,0.8237752238502253,-0.7668369524952898,31,,False
Split_Lake,Persistence,12,1.2907610933089047,1.121160000000001,-5.244806221974818,25,,False
Split_Lake,XGBoost_AR_only,1,0.31363366488107575,0.20979598639032954,0.8291065924981061,37,,False
Split_Lake,XGBoost_AR_only,3,0.6221585929481767,0.5390025275713638,0.31736381134817615,35,,False
Split_Lake,XGBoost_AR_only,6,0.8326449272947563,0.6230042138498162,-0.12989682785450163,32,,False
Split_Lake,XGBoost_AR_only,12,0.6049603520004714,0.5544789626699808,-0.38835438502414243,26,,False
Split_Lake,XGBoost_all_vars,1,0.31167412619595947,0.23113841561430326,0.8518094693093021,32,1.0,False
Split_Lake,XGBoost_all_vars,3,0.5056137541557989,0.41956936476276496,0.6039526737353168,30,1.0,True
Split_Lake,XGBoost_all_vars,6,0.5397282012797071,0.4415799933124108,0.5874937728997962,27,1.0,True
Split_Lake,XGBoost_all_vars,12,0.444405000126463,0.37183975188520163,0.39015740279331756,21,1.0,True
Split_Lake,XGBoost_CCM_direct,1,0.29956716227339264,0.19998204002050102,0.8630987659011362,32,1.0,False
Split_Lake,XGBoost_CCM_direct,3,0.47271777904168283,0.3909623638615295,0.6538110513931435,30,1.0,True
Split_Lake,XGBoost_CCM_direct,6,0.5187777162014866,0.4167360372708723,0.6188965213420023,27,1.0,True
Split_Lake,XGBoost_CCM_direct,12,0.3181728875195567,0.26155996894348055,0.687401980854931,21,1.0,True
Split_Lake,XGBoost_CCM_ancestors,1,0.2920645286802857,0.18931770928491684,0.8698702539846139,32,1.0,False
Split_Lake,XGBoost_CCM_ancestors,3,0.4917109116247201,0.3941680628503185,0.6254334262054421,30,1.0,True
Split_Lake,XGBoost_CCM_ancestors,6,0.4860877419287297,0.3745718985454982,0.6654125665193614,27,1.0,True
Split_Lake,XGBoost_CCM_ancestors,12,0.31908507010750986,0.26488634948205325,0.685607011954634,21,1.0,True
Split_Lake,XGBoost_Stepwise,1,0.30697620987305985,0.23553476170904225,0.8562432017591577,32,1.0,False
Split_Lake,XGBoost_Stepwise,3,0.4935089890128549,0.40645747902937635,0.6226890042697762,30,1.0,True
Split_Lake,XGBoost_Stepwise,6,0.49000168740117517,0.39452983182842377,0.6600027234442499,27,1.0,True
Split_Lake,XGBoost_Stepwise,12,0.39142207806713547,0.32991770399417775,0.5269026454437009,21,1.0,True
Split_Lake,XGBoost_CCM_neighbor,1,0.32897482424523716,0.21386222911906658,0.8229780131872488,26,1.0,False
Split_Lake,XGBoost_CCM_neighbor,3,0.41034276476789283,0.27381287857205977,0.5688839341963486,20,1.0,True
Split_Lake,XGBoost_CCM_neighbor,6,0.5445946594573792,0.31819561391793344,0.3467142318685339,11,1.0,True
Split_Lake,XGBoost_CCM_neighbor,12,,,,0,1.0,True
Vaseux_Lake,SARIMA,1,0.08267343258345468,0.05764791956493894,0.3723087901625206,37,,False
Vaseux_Lake,SARIMA,3,0.10876005134627173,0.08152422111721391,-0.03027873100681089,35,,False
Vaseux_Lake,SARIMA,6,0.11029742041132348,0.08505259909154551,0.025444318358711415,32,,False
Vaseux_Lake,SARIMA,12,0.09308836026582945,0.07069591992915733,-0.008377303690926041,26,,False
Vaseux_Lake,Persistence,1,0.09630793797329477,0.06477255827255826,0.14819874426331736,37,,False
Vaseux_Lake,Persistence,3,0.1564966929396548,0.12600699168556315,-1.1331738717394462,35,,False
Vaseux_Lake,Persistence,6,0.1785971933458612,0.1479518435846563,-1.5552018084359132,32,,False
Vaseux_Lake,Persistence,12,0.1612835534559696,0.10707692307692314,-2.0270003293578718,26,,False
Vaseux_Lake,XGBoost_AR_only,1,0.10586837770673505,0.0679265953651098,-0.029311022505029705,37,,False
Vaseux_Lake,XGBoost_AR_only,3,0.1325466009083613,0.099551141684536,-0.5302173308784024,35,,False
Vaseux_Lake,XGBoost_AR_only,6,0.13628879224526194,0.10385132135586025,-0.4879770495151685,32,,False
Vaseux_Lake,XGBoost_AR_only,12,0.11928683178358251,0.0895596043886507,-0.6558359580138475,26,,False
Vaseux_Lake,SARIMAX_all_vars,1,0.08209029270016653,0.058391041700258974,0.3811324438712056,37,1.0,False
Vaseux_Lake,SARIMAX_all_vars,3,0.10365887420238383,0.08171157048211082,0.0641011747607162,35,1.0,True
Vaseux_Lake,SARIMAX_all_vars,6,0.10521325485554833,0.08142750295837678,0.11321802091395383,32,1.0,True
Vaseux_Lake,SARIMAX_all_vars,12,0.08987349966670197,0.07056598735750573,0.06006979024486225,26,1.0,True
Vaseux_Lake,XGBoost_all_vars,1,0.09019798948558981,0.05985514001711433,0.2528499640990508,37,1.0,False
Vaseux_Lake,XGBoost_all_vars,3,0.10522600352390321,0.07996341422487759,0.035589169451698766,35,1.0,True
Vaseux_Lake,XGBoost_all_vars,6,0.10960603691957461,0.08451397169532085,0.03762374965336568,32,1.0,True
Vaseux_Lake,XGBoost_all_vars,12,0.08415011045365625,0.0666524400330428,0.1759725443592901,26,1.0,True
Vaseux_Lake,SARIMAX_CCM_direct,1,0.08461636500941443,0.05815381724539151,0.34245900159502385,37,1.0,False
Vaseux_Lake,SARIMAX_CCM_direct,3,0.11398499625693775,0.08258176763520722,-0.13164785635081544,35,1.0,True
Vaseux_Lake,SARIMAX_CCM_direct,6,0.11772871787110642,0.09019390738687154,-0.11030111389047281,32,1.0,True
Vaseux_Lake,SARIMAX_CCM_direct,12,0.09246710391849958,0.07693977702294473,0.005037270390352622,26,1.0,True
Vaseux_Lake,XGBoost_CCM_direct,1,0.09301829657598969,0.0639182775381578,0.2053957722328058,37,1.0,False
Vaseux_Lake,XGBoost_CCM_direct,3,0.12837155023140268,0.09532477773403153,-0.43533573729370034,35,1.0,True
Vaseux_Lake,XGBoost_CCM_direct,6,0.13638347476063364,0.10541840694907853,-0.4900452217467932,32,1.0,True
Vaseux_Lake,XGBoost_CCM_direct,12,0.13793629839120783,0.1004909964697274,-1.2140602549455988,26,1.0,True
Vaseux_Lake,SARIMAX_CCM_ancestors,1,0.08461636500941443,0.05815381724539151,0.34245900159502385,37,1.0,False
Vaseux_Lake,SARIMAX_CCM_ancestors,3,0.11398499625693775,0.08258176763520722,-0.13164785635081544,35,1.0,True
Vaseux_Lake,SARIMAX_CCM_ancestors,6,0.11772871787110642,0.09019390738687154,-0.11030111389047281,32,1.0,True
Vaseux_Lake,SARIMAX_CCM_ancestors,12,0.09246710391849958,0.07693977702294473,0.005037270390352622,26,1.0,True
Vaseux_Lake,XGBoost_CCM_ancestors,1,0.09301829657598969,0.0639182775381578,0.2053957722328058,37,1.0,False
Vaseux_Lake,XGBoost_CCM_ancestors,3,0.12837155023140268,0.09532477773403153,-0.43533573729370034,35,1.0,True
Vaseux_Lake,XGBoost_CCM_ancestors,6,0.13638347476063364,0.10541840694907853,-0.4900452217467932,32,1.0,True
Vaseux_Lake,XGBoost_CCM_ancestors,12,0.13793629839120783,0.1004909964697274,-1.2140602549455988,26,1.0,True
Vaseux_Lake,SARIMAX_Stepwise,1,0.0820902925286022,0.05839104121750116,0.38113244645800615,37,1.0,False
Vaseux_Lake,SARIMAX_Stepwise,3,0.10365887543111878,0.08171157111670276,0.06410115257310123,35,1.0,True
Vaseux_Lake,SARIMAX_Stepwise,6,0.10521325460305042,0.08142750238499724,0.11321802517027313,32,1.0,True
Vaseux_Lake,SARIMAX_Stepwise,12,0.08987350025772425,0.07056598754970018,0.06006977788260426,26,1.0,True
Vaseux_Lake,XGBoost_Stepwise,1,0.08907660668190422,0.058660773429687715,0.2713123044149741,37,1.0,False
Vaseux_Lake,XGBoost_Stepwise,3,0.10399444783409544,0.07640517554038771,0.05803181839808458,35,1.0,True
Vaseux_Lake,XGBoost_Stepwise,6,0.11226603670959301,0.08460724790969718,-0.00965436957092125,32,1.0,True
Vaseux_Lake,XGBoost_Stepwise,12,0.08322557851009685,0.06576289240289358,0.1939797614436296,26,1.0,True
Vaseux_Lake,SARIMAX_CCM_neighbor,1,0.0817938351632443,0.05681755751738344,0.3855942787850939,37,1.0,False
Vaseux_Lake,SARIMAX_CCM_neighbor,3,0.10994800831363627,0.07997897650319025,-0.05290856786706,35,1.0,True
Vaseux_Lake,SARIMAX_CCM_neighbor,6,0.11655931332855204,0.08925072355313327,-0.08835332237088367,32,1.0,True
Vaseux_Lake,SARIMAX_CCM_neighbor,12,0.09269739150603538,0.08059394008660142,7.5227113964349e-05,26,1.0,True
Vaseux_Lake,XGBoost_CCM_neighbor,1,0.09230915555999596,0.05968787429006264,0.21746519409972243,37,1.0,False
Vaseux_Lake,XGBoost_CCM_neighbor,3,0.12239517158864138,0.09498511566303383,-0.30480165081437915,35,1.0,True
Vaseux_Lake,XGBoost_CCM_neighbor,6,0.12094320805670171,0.09055770227136614,-0.1717606656553241,32,1.0,True
Vaseux_Lake,XGBoost_CCM_neighbor,12,0.10406856361454475,0.077391442249037,-0.2602927040458003,26,1.0,True
