lake,method_1,method_2,horizon_months,dm_stat,p_value,n,p_fdr
Kalamalka_Lake,XGBoost_CCM_ancestors,XGBoost_CCM_direct,1,0.7982401112894637,0.42473116455141646,37,0.7046782059144501
Kalamalka_Lake,XGBoost_CCM_ancestors,XGBoost_CCM_direct,3,-0.35036149410955986,0.726067420466266,35,0.8921787860341941
Kalamalka_Lake,XGBoost_CCM_ancestors,XGBoost_CCM_direct,6,-0.8188623222540405,0.41286496868838984,32,0.6952470355627449
Kalamalka_Lake,XGBoost_CCM_ancestors,XGBoost_CCM_direct,12,-0.9199307935360749,0.35760892578202674,26,0.6727896739288978
Kalamalka_Lake,SARIMAX_CCM_ancestors,SARIMAX_CCM_direct,1,-3.496017309864152,0.0004722580631011386,37,0.006870558666270983
Kalamalka_Lake,SARIMAX_CCM_ancestors,SARIMAX_CCM_direct,3,-2.3970305100322857,0.016528547379617953,35,0.10007284140750507
Kalamalka_Lake,SARIMAX_CCM_ancestors,SARIMAX_CCM_direct,6,-1.8023474503817747,0.07149075740693367,32,0.3217084083312015
Kalamalka_Lake,SARIMAX_CCM_ancestors,SARIMAX_CCM_direct,12,-1.2209117463891568,0.22211943652003696,26,0.5561336267757316
Kalamalka_Lake,XGBoost_CCM_neighbor,XGBoost_CCM_ancestors,1,3.216560527441104,0.0012973716375623834,27,0.014400825176942456
Kalamalka_Lake,XGBoost_CCM_neighbor,XGBoost_CCM_ancestors,3,0.6923557854114665,0.4887139251003967,21,0.7397351684474186
Kalamalka_Lake,XGBoost_CCM_neighbor,XGBoost_CCM_ancestors,6,-4.491750102868893,7.064028157532931e-06,12,0.00014702008602865413
Kalamalka_Lake,XGBoost_CCM_ancestors,XGBoost_Stepwise,1,-1.0688425693565675,0.2851406138656962,37,0.6125924155953345
Kalamalka_Lake,XGBoost_CCM_ancestors,XGBoost_Stepwise,3,0.8516365523880401,0.3944158455480582,35,0.6912656661447546
Kalamalka_Lake,XGBoost_CCM_ancestors,XGBoost_Stepwise,6,1.2864900666142034,0.1982720833462066,32,0.5324564818894096
Kalamalka_Lake,XGBoost_CCM_ancestors,XGBoost_Stepwise,12,1.013474348736594,0.3108336424234035,26,0.6428415937585141
Kalamalka_Lake,SARIMAX_CCM_ancestors,SARIMAX_Stepwise,1,-2.767560582030947,0.005647754750566003,37,0.04500890869772965
Kalamalka_Lake,SARIMAX_CCM_ancestors,SARIMAX_Stepwise,3,-1.447262024991875,0.14782355068401065,35,0.47658416629687317
Kalamalka_Lake,SARIMAX_CCM_ancestors,SARIMAX_Stepwise,6,-0.4264353905919738,0.6697906177996926,32,0.8545604433996078
Kalamalka_Lake,SARIMAX_CCM_ancestors,SARIMAX_Stepwise,12,0.5584421642978908,0.5765424875078597,26,0.8049822238562557
Kalamalka_Lake,XGBoost_CCM_ancestors,XGBoost_AR_only,1,-0.6002146667072553,0.5483631802576445,37,0.7868848946446402
Kalamalka_Lake,XGBoost_CCM_ancestors,XGBoost_AR_only,3,-0.4052228424169262,0.6853137159061977,35,0.8615602365714673
Kalamalka_Lake,XGBoost_CCM_ancestors,XGBoost_AR_only,6,0.5223636030269873,0.6014171926810898,32,0.8077253075475525
Kalamalka_Lake,XGBoost_CCM_ancestors,XGBoost_AR_only,12,1.7466507134966058,0.08069794458620971,26,0.34899240970399786
Kalamalka_Lake,XGBoost_CCM_ancestors,Persistence,1,1.1997432744230871,0.23023906085598855,37,0.5637471122429719
Kalamalka_Lake,XGBoost_CCM_ancestors,Persistence,3,1.5222193128941317,0.12795413753235252,35,0.4532843382795041
Kalamalka_Lake,XGBoost_CCM_ancestors,Persistence,6,1.708584532798641,0.08752793572890827,32,0.36894686832565127
Kalamalka_Lake,XGBoost_CCM_ancestors,Persistence,12,2.5387394474450242,0.011125264317826566,26,0.07560638811910708
Kalamalka_Lake,XGBoost_CCM_ancestors,XGBoost_all_vars,1,-0.8228705013663958,0.41058163927352,37,0.6952470355627449
Kalamalka_Lake,XGBoost_CCM_ancestors,XGBoost_all_vars,3,1.4713285741327855,0.14120227936367646,35,0.47633879574861726
Kalamalka_Lake,XGBoost_CCM_ancestors,XGBoost_all_vars,6,1.5568526715328919,0.11950546845331589,32,0.4421702332772688
Kalamalka_Lake,XGBoost_CCM_ancestors,XGBoost_all_vars,12,2.505243760456306,0.012236702759875095,26,0.08149644038076813
Kalamalka_Lake,XGBoost_CCM_direct,XGBoost_AR_only,1,-0.9290482018899251,0.35286410661888024,37,0.6710739791431383
Kalamalka_Lake,XGBoost_CCM_direct,XGBoost_AR_only,3,-0.21921205643563935,0.826484864202484,35,0.9523164698250075
Kalamalka_Lake,XGBoost_CCM_direct,XGBoost_AR_only,6,0.6648626546634114,0.5061383439058293,32,0.7524288773242909
Kalamalka_Lake,XGBoost_CCM_direct,XGBoost_AR_only,12,8.887474373313426,0.0,26,0.0
Kalamalka_Lake,SARIMAX_CCM_ancestors,SARIMA,1,-1.6978732607260465,0.08953168497602904,37,0.37015109290966564
Kalamalka_Lake,SARIMAX_CCM_ancestors,SARIMA,3,-1.2998774638525445,0.19364297021047516,35,0.5285500744269527
Kalamalka_Lake,SARIMAX_CCM_ancestors,SARIMA,6,-0.8407966732721089,0.400461851154585,32,0.6945510230962334
Kalamalka_Lake,SARIMAX_CCM_ancestors,SARIMA,12,-0.4204841078650464,0.6741318365959339,26,0.8568164182688778
Kalamalka_Lake,SARIMAX_CCM_ancestors,Persistence,1,-1.277533211569392,0.20141406293348707,37,0.5365670636548096
Kalamalka_Lake,SARIMAX_CCM_ancestors,Persistence,3,1.0230165967387708,0.3062999987322219,35,0.6396316470689853
Kalamalka_Lake,SARIMAX_CCM_ancestors,Persistence,6,1.106880415177248,0.26834563445654736,32,0.5917820945300017
Kalamalka_Lake,SARIMAX_CCM_ancestors,Persistence,12,1.175435887617663,0.23982037282035362,26,0.5704298867798411
Kalamalka_Lake,XGBoost_CCM_ancestors,SARIMAX_CCM_ancestors,1,2.8503117874267216,0.0043676391289673155,37,0.03930875216070584
Kalamalka_Lake,XGBoost_CCM_ancestors,SARIMAX_CCM_ancestors,3,1.1477152825954215,0.25108612011187614,35,0.5903994550438507
Kalamalka_Lake,XGBoost_CCM_ancestors,SARIMAX_CCM_ancestors,6,1.2070426470950197,0.227415720401126,32,0.5609587769894441
Kalamalka_Lake,XGBoost_CCM_ancestors,SARIMAX_CCM_ancestors,12,1.12709323072919,0.2597030650965233,26,0.5903994550438507
Kalamalka_Lake,XGBoost_all_vars,SARIMAX_all_vars,1,1.8885545758888895,0.05895153848028922,37,0.28044089019909013
Kalamalka_Lake,XGBoost_all_vars,SARIMAX_all_vars,3,-0.7730564907083519,0.439488949142826,35,0.7139015612905417
Kalamalka_Lake,XGBoost_all_vars,SARIMAX_all_vars,6,-0.7546175478438274,0.45047849163785036,32,0.7177480273464315
Kalamalka_Lake,XGBoost_all_vars,SARIMAX_all_vars,12,-0.8191312213862884,0.41271155054968034,26,0.6952470355627449
Kiskitto_Lake,XGBoost_CCM_ancestors,XGBoost_CCM_direct,1,0.0,1.0,24,1.0
Kiskitto_Lake,XGBoost_CCM_ancestors,XGBoost_CCM_direct,3,0.0,1.0,22,1.0
Kiskitto_Lake,XGBoost_CCM_ancestors,XGBoost_CCM_direct,6,0.0,1.0,19,1.0
Kiskitto_Lake,XGBoost_CCM_ancestors,XGBoost_CCM_direct,12,0.0,1.0,13,1.0
Kiskitto_Lake,SARIMAX_CCM_ancestors,SARIMAX_CCM_direct,1,0.0,1.0,24,1.0
Kiskitto_Lake,SARIMAX_CCM_ancestors,SARIMAX_CCM_direct,3,0.0,1.0,22,1.0
Kiskitto_Lake,SARIMAX_CCM_ancestors,SARIMAX_CCM_direct,6,0.0,1.0,19,1.0
Kiskitto_Lake,SARIMAX_CCM_ancestors,SARIMAX_CCM_direct,12,0.0,1.0,13,1.0
Kiskitto_Lake,XGBoost_CCM_ancestors,XGBoost_Stepwise,1,-1.4230765904214133,0.1547139537090958,24,0.4860353451427255
Kiskitto_Lake,XGBoost_CCM_ancestors,XGBoost_Stepwise,3,-3.7846967097821973,0.00015389614164251775,22,0.0026972323772083374
Kiskitto_Lake,XGBoost_CCM_ancestors,XGBoost_Stepwise,6,-3.2392037691054574,0.0011986390576801398,19,0.013763682972671951
Kiskitto_Lake,XGBoost_CCM_ancestors,XGBoost_Stepwise,12,-1.6385084556177025,0.10131567162158173,13,0.4064833572287556
Kiskitto_Lake,XGBoost_CCM_ancestors,XGBoost_AR_only,1,-1.6131435549535236,0.10671332312964421,24,0.4132039139787386
Kiskitto_Lake,XGBoost_CCM_ancestors,XGBoost_AR_only,3,-2.9029550869741705,0.0036965964640092164,22,0.03419351729208525
Kiskitto_Lake,XGBoost_CCM_ancestors,XGBoost_AR_only,6,-2.4728251259001572,0.013404971911491925,19,0.0858433778178233
Kiskitto_Lake,XGBoost_CCM_ancestors,XGBoost_AR_only,12,-2.0426604842076452,0.041086059137741104,13,0.21377590145105918
Kiskitto_Lake,XGBoost_CCM_ancestors,Persistence,1,-1.1252095124999446,0.26050026312495467,23,0.5903994550438507
Kiskitto_Lake,XGBoost_CCM_ancestors,Persistence,3,-2.3406853486957924,0.019248381540780235,21,0.11374452112846012
Kiskitto_Lake,XGBoost_CCM_ancestors,Persistence,6,-3.4947291296541967,0.0004745430910637616,19,0.006870558666270983
Kiskitto_Lake,XGBoost_CCM_ancestors,Persistence,12,-4.094052452877985,4.238983481696934e-05,13,0.0008303420584735759
Kiskitto_Lake,XGBoost_CCM_ancestors,XGBoost_all_vars,1,-3.1111190836607157,0.0018637976126607558,24,0.018824841832287043
Kiskitto_Lake,XGBoost_CCM_ancestors,XGBoost_all_vars,3,-2.620073925299828,0.008791070772248277,22,0.06228567164167396
Kiskitto_Lake,XGBoost_CCM_ancestors,XGBoost_all_vars,6,-2.7220289615603366,0.00648824560398098,19,0.05024618107268991
Kiskitto_Lake,XGBoost_CCM_ancestors,XGBoost_all_vars,12,-1.5341487020734645,0.12499307425435213,13,0.4532843382795041
Kiskitto_Lake,XGBoost_CCM_direct,XGBoost_AR_only,1,-1.6131435549535236,0.10671332312964421,24,0.4132039139787386
Kiskitto_Lake,XGBoost_CCM_direct,XGBoost_AR_only,3,-2.9029550869741705,0.0036965964640092164,22,0.03419351729208525
Kiskitto_Lake,XGBoost_CCM_direct,XGBoost_AR_only,6,-2.4728251259001572,0.013404971911491925,19,0.0858433778178233
Kiskitto_Lake,XGBoost_CCM_direct,XGBoost_AR_only,12,-2.0426604842076452,0.041086059137741104,13,0.21377590145105918
Kiskitto_Lake,SARIMAX_CCM_ancestors,SARIMA,1,-1.3840605483346007,0.16633991566303763,24,0.49062976258874474
Kiskitto_Lake,SARIMAX_CCM_ancestors,SARIMA,3,-1.5285513405253572,0.1263757067588298,22,0.4532843382795041
Kiskitto_Lake,SARIMAX_CCM_ancestors,SARIMA,6,-2.8364361603173176,0.004562009766418074,19,0.039537812540568165
Kiskitto_Lake,SARIMAX_CCM_ancestors,SARIMA,12,-2.0300202417830544,0.042354481794840915,13,0.2138878974216279
Kiskitto_Lake,SARIMAX_CCM_ancestors,Persistence,1,-1.5273851508997465,0.12666526667093847,23,0.4532843382795041
Kiskitto_Lake,SARIMAX_CCM_ancestors,Persistence,3,-1.84852445011135,0.0645265106834767,21,0.29434695969311975
Kiskitto_Lake,SARIMAX_CCM_ancestors,Persistence,6,-0.09145067021917945,0.9271345013772028,19,1.0
Kiskitto_Lake,SARIMAX_CCM_ancestors,Persistence,12,-0.8953368967101838,0.3706070222818205,13,0.6780886726365177
Kiskitto_Lake,XGBoost_CCM_ancestors,SARIMAX_CCM_ancestors,1,-0.5371395829529357,0.5911712006016856,24,0.8077253075475525
Kiskitto_Lake,XGBoost_CCM_ancestors,SARIMAX_CCM_ancestors,3,-2.2535100551423612,0.024227007454873828,22,0.1390964393529825
Kiskitto_Lake,XGBoost_CCM_ancestors,SARIMAX_CCM_ancestors,6,-3.296675900175921,0.0009783632874476034,19,0.011748330296019174
Kiskitto_Lake,XGBoost_CCM_ancestors,SARIMAX_CCM_ancestors,12,-5.764873262655537,8.171922694089062e-09,13,2.2024737556824135e-07
Lake_of_the_Woods,XGBoost_CCM_ancestors,XGBoost_CCM_direct,1,0.9255464324380029,0.3546817427303073,32,0.6710739791431383
Lake_of_the_Woods,XGBoost_CCM_ancestors,XGBoost_CCM_direct,3,0.22632014426032074,0.8209524319646007,30,0.9514367774432793
Lake_of_the_Woods,XGBoost_CCM_ancestors,XGBoost_CCM_direct,6,-0.10222121354779538,0.9185810899767277,27,1.0
Lake_of_the_Woods,XGBoost_CCM_ancestors,XGBoost_CCM_direct,12,-1.1899641357158133,0.2340604884810591,21,0.564798135247773
Lake_of_the_Woods,XGBoost_CCM_neighbor,XGBoost_CCM_ancestors,1,-0.649846815920165,0.515791174985093,32,0.7599931914603361
Lake_of_the_Woods,XGBoost_CCM_neighbor,XGBoost_CCM_ancestors,3,-1.5974653816321993,0.11016200844816093,30,0.4216545840602022
Lake_of_the_Woods,XGBoost_CCM_neighbor,XGBoost_CCM_ancestors,6,-1.3402584317849993,0.18016134068978928,27,0.5084214105906766
Lake_of_the_Woods,XGBoost_CCM_neighbor,XGBoost_CCM_ancestors,12,0.5467592432607357,0.5845441470499697,21,0.8077253075475525
Lake_of_the_Woods,XGBoost_CCM_ancestors,XGBoost_Stepwise,1,1.380990519214357,0.16728187575216769,32,0.49062976258874474
Lake_of_the_Woods,XGBoost_CCM_ancestors,XGBoost_Stepwise,3,1.4254455280336944,0.15402845543984323,30,0.4860353451427255
Lake_of_the_Woods,XGBoost_CCM_ancestors,XGBoost_Stepwise,6,1.2279622267212142,0.21946114810927853,27,0.5536406236393163
Lake_of_the_Woods,XGBoost_CCM_ancestors,XGBoost_Stepwise,12,-0.9261154101017645,0.35438600637196904,21,0.6710739791431383
Lake_of_the_Woods,XGBoost_CCM_ancestors,XGBoost_AR_only,1,0.8975609561262682,0.3694196622762398,32,0.6780886726365177
Lake_of_the_Woods,XGBoost_CCM_ancestors,XGBoost_AR_only,3,-1.0798483297238914,0.28020972554449,30,0.6059080428981504
Lake_of_the_Woods,XGBoost_CCM_ancestors,XGBoost_AR_only,6,-1.2659571934949032,0.20552840820967533,27,0.543182221696999
Lake_of_the_Woods,XGBoost_CCM_ancestors,XGBoost_AR_only,12,-1.8754111174990054,0.06073618684206816,21,0.28486127068181266
Lake_of_the_Woods,XGBoost_CCM_ancestors,Persistence,1,1.0848542853606575,0.2779861978618985,32,0.605028783581779
Lake_of_the_Woods,XGBoost_CCM_ancestors,Persistence,3,-1.1138048025123737,0.2653629362337271,30,0.5917820945300017
Lake_of_the_Woods,XGBoost_CCM_ancestors,Persistence,6,-1.9035874819520884,0.05696393040165404,27,0.27491288150363474
Lake_of_the_Woods,XGBoost_CCM_ancestors,Persistence,12,-2.6616542075259364,0.0077757714172492776,21,0.05628982352052195
Lake_of_the_Woods,XGBoost_CCM_ancestors,XGBoost_all_vars,1,1.3127817257223375,0.18925650953174022,32,0.5251868139505792
Lake_of_the_Woods,XGBoost_CCM_ancestors,XGBoost_all_vars,3,1.4124850053375542,0.157807202722565,30,0.4865722083945754
Lake_of_the_Woods,XGBoost_CCM_ancestors,XGBoost_all_vars,6,1.2504264971864325,0.21114379021880847,27,0.5493037667411189
Lake_of_the_Woods,XGBoost_CCM_ancestors,XGBoost_all_vars,12,-0.056761948473464115,0.954734825762011,21,1.0
Lake_of_the_Woods,XGBoost_CCM_direct,XGBoost_AR_only,1,0.5318992440958583,0.5947957808642372,32,0.8077253075475525
Lake_of_the_Woods,XGBoost_CCM_direct,XGBoost_AR_only,3,-0.8684410627101479,0.3851529237222189,30,0.6853738806886186
Lake_of_the_Woods,XGBoost_CCM_direct,XGBoost_AR_only,6,-0.7635156672709872,0.4451559222952224,27,0.7177480273464315
Lake_of_the_Woods,XGBoost_CCM_direct,XGBoost_AR_only,12,0.06530511061308422,0.9479310733520177,21,1.0
Okanagan_Lake,XGBoost_CCM_ancestors,XGBoost_CCM_direct,1,-0.4351975897827379,0.6634190119049124,37,0.8496866575551378
Okanagan_Lake,XGBoost_CCM_ancestors,XGBoost_CCM_direct,3,0.588478317346133,0.556211283425468,35,0.7915314417977813
Okanagan_Lake,XGBoost_CCM_ancestors,XGBoost_CCM_direct,6,-0.33668928692449673,0.7363511401395391,32,0.8966156605758645
Okanagan_Lake,XGBoost_CCM_ancestors,XGBoost_CCM_direct,12,-1.0371232556288226,0.29967841831844444,26,0.6316007170888733
Okanagan_Lake,SARIMAX_CCM_ancestors,SARIMAX_CCM_direct,1,1.3617511456605338,0.17327643421265115,37,0.49317138968216095
Okanagan_Lake,SARIMAX_CCM_ancestors,SARIMAX_CCM_direct,3,0.4631228954070064,0.643276279718235,35,0.8441820163334919
Okanagan_Lake,SARIMAX_CCM_ancestors,SARIMAX_CCM_direct,6,0.14318698714670589,0.8861425066745894,32,0.9974600411277933
Okanagan_Lake,SARIMAX_CCM_ancestors,SARIMAX_CCM_direct,12,0.4469806103809745,0.6548890597396784,26,0.8441820163334919
Okanagan_Lake,XGBoost_CCM_neighbor,XGBoost_CCM_ancestors,1,0.3572685203676088,0.7208907940635703,25,0.8921787860341941
Okanagan_Lake,XGBoost_CCM_neighbor,XGBoost_CCM_ancestors,3,-0.017113634268338666,0.9863459619324151,19,1.0
Okanagan_Lake,XGBoost_CCM_neighbor,XGBoost_CCM_ancestors,6,-1.2367913335840035,0.21616456032221043,10,0.5517521778315678
Okanagan_Lake,XGBoost_CCM_ancestors,XGBoost_Stepwise,1,0.29243435786654143,0.7699545419551845,37,0.9189780016884461
Okanagan_Lake,XGBoost_CCM_ancestors,XGBoost_Stepwise,3,1.2585285472876517,0.20820066970358342,35,0.5459119922149077
Okanagan_Lake,XGBoost_CCM_ancestors,XGBoost_Stepwise,6,1.4908865825685371,0.1359912746332561,32,0.47171973388410715
Okanagan_Lake,XGBoost_CCM_ancestors,XGBoost_Stepwise,12,-0.4047979795210083,0.685626014088405,26,0.8615602365714673
Okanagan_Lake,SARIMAX_CCM_ancestors,SARIMAX_Stepwise,1,0.5968865548390593,0.5505831244810846,37,0.7868848946446402
Okanagan_Lake,SARIMAX_CCM_ancestors,SARIMAX_Stepwise,3,2.1328338548965133,0.03293835796698352,35,0.18280788671675857
Okanagan_Lake,SARIMAX_CCM_ancestors,SARIMAX_Stepwise,6,2.0131785388101036,0.04409585014341122,32,0.21916295668292443
Okanagan_Lake,SARIMAX_CCM_ancestors,SARIMAX_Stepwise,12,2.7040475751034174,0.006850048084171334,26,0.05184240936429669
Okanagan_Lake,XGBoost_CCM_ancestors,XGBoost_AR_only,1,-0.6021615329873662,0.5470666184145734,37,0.7868848946446402
Okanagan_Lake,XGBoost_CCM_ancestors,XGBoost_AR_only,3,0.27810043928997247,0.7809352585316847,35,0.9221682308193297
Okanagan_Lake,XGBoost_CCM_ancestors,XGBoost_AR_only,6,-0.4553564472839361,0.6488528227672474,32,0.8441820163334919
Okanagan_Lake,XGBoost_CCM_ancestors,XGBoost_AR_only,12,-1.4436299235185868,0.14884310298761205,26,0.47658416629687317
Okanagan_Lake,XGBoost_CCM_ancestors,Persistence,1,0.05326336645477018,0.9575220680828092,37,1.0
Okanagan_Lake,XGBoost_CCM_ancestors,Persistence,3,-0.8957855071757825,0.3703673317444329,35,0.6780886726365177
Okanagan_Lake,XGBoost_CCM_ancestors,Persistence,6,-1.3751191363046356,0.16909451255085406,32,0.49062976258874474
Okanagan_Lake,XGBoost_CCM_ancestors,Persistence,12,-3.673508001966327,0.00023924318149215473,26,0.0039332630993913174
Okanagan_Lake,XGBoost_CCM_ancestors,XGBoost_all_vars,1,0.146008306359303,0.8839148311763338,37,0.9974600411277933
Okanagan_Lake,XGBoost_CCM_ancestors,XGBoost_all_vars,3,0.9579381223520633,0.3380939615920433,35,0.6710739791431383
Okanagan_Lake,XGBoost_CCM_ancestors,XGBoost_all_vars,6,1.4782598507932736,0.1393382396280396,32,0.47633879574861726
Okanagan_Lake,XGBoost_CCM_ancestors,XGBoost_all_vars,12,0.07523289610094244,0.9400294112073309,26,1.0
Okanagan_Lake,XGBoost_CCM_direct,XGBoost_AR_only,1,-0.22386257185570654,0.8228642399509443,37,0.9514367774432793
Okanagan_Lake,XGBoost_CCM_direct,XGBoost_AR_only,3,-0.17462659128133123,0.8613730528065295,35,0.9856949367167503
Okanagan_Lake,XGBoost_CCM_direct,XGBoost_AR_only,6,0.11525010171316856,0.908246887788096,32,1.0
Okanagan_Lake,XGBoost_CCM_direct,XGBoost_AR_only,12,-0.580858747058598,0.5613356574926467,26,0.795424569978942
Okanagan_Lake,SARIMAX_CCM_ancestors,SARIMA,1,0.44849350942204,0.6537970693914885,37,0.8441820163334919
Okanagan_Lake,SARIMAX_CCM_ancestors,SARIMA,3,1.6706210169241356,0.09479655852215618,35,0.38496651204729276
Okanagan_Lake,SARIMAX_CCM_ancestors,SARIMA,6,2.0511855087074635,0.04024888457519693,32,0.21377590145105918
Okanagan_Lake,SARIMAX_CCM_ancestors,SARIMA,12,2.8060023798987026,0.005016032185258812,26,0.04175846794227961
Okanagan_Lake,SARIMAX_CCM_ancestors,Persistence,1,-0.2492238418766937,0.8031876380116956,37,0.9384613454662969
Okanagan_Lake,SARIMAX_CCM_ancestors,Persistence,3,-1.1411388621081768,0.2538121413983372,35,0.5903994550438507
Okanagan_Lake,SARIMAX_CCM_ancestors,Persistence,6,-1.2343952408932388,0.21705566154935552,32,0.5517521778315678
Okanagan_Lake,SARIMAX_CCM_ancestors,Persistence,12,-2.4569332514810593,0.014012872014473654,26,0.08804313926074957
Okanagan_Lake,XGBoost_CCM_ancestors,SARIMAX_CCM_ancestors,1,0.3532666826045311,0.7238885207383638,37,0.8921787860341941
Okanagan_Lake,XGBoost_CCM_ancestors,SARIMAX_CCM_ancestors,3,0.2518930588654306,0.8011237248635241,35,0.9384613454662969
Okanagan_Lake,XGBoost_CCM_ancestors,SARIMAX_CCM_ancestors,6,0.5167214675727421,0.6053506079610544,32,0.8095652708876752
Okanagan_Lake,XGBoost_CCM_ancestors,SARIMAX_CCM_ancestors,12,-2.6775438906924656,0.00741641349909683,26,0.05488145989331654
Okanagan_Lake,XGBoost_all_vars,SARIMAX_all_vars,1,1.38336705376548,0.16655234727971058,37,0.49062976258874474
Okanagan_Lake,XGBoost_all_vars,SARIMAX_all_vars,3,0.10268636968412326,0.9182118918698425,35,1.0
Okanagan_Lake,XGBoost_all_vars,SARIMAX_all_vars,6,0.2620672722035754,0.7932695781861461,32,0.9334232139080799
Okanagan_Lake,XGBoost_all_vars,SARIMAX_all_vars,12,0.5344756083531328,0.5930125207104529,26,0.8077253075475525
Playgreen_Lake,XGBoost_CCM_ancestors,XGBoost_CCM_direct,1,-0.7372475789784559,0.46097180429065565,18,0.7240736359848506
Playgreen_Lake,XGBoost_CCM_ancestors,XGBoost_CCM_direct,3,-0.7859293057099767,0.43190890462713405,18,0.7079346231742702
Playgreen_Lake,XGBoost_CCM_ancestors,XGBoost_CCM_direct,6,-0.3696186658318684,0.7116666412443822,15,0.8842723564715644
Playgreen_Lake,XGBoost_CCM_ancestors,XGBoost_CCM_direct,12,,,9,
Playgreen_Lake,XGBoost_CCM_neighbor,XGBoost_CCM_ancestors,1,2.336411927682212,0.019469782895862542,18,0.11374452112846012
Playgreen_Lake,XGBoost_CCM_neighbor,XGBoost_CCM_ancestors,3,1.3216660482463973,0.18627937911274417,18,0.5212691869289395
Playgreen_Lake,XGBoost_CCM_neighbor,XGBoost_CCM_ancestors,6,0.9510473784144423,0.3415803254509391,15,0.6710739791431383
Playgreen_Lake,XGBoost_CCM_neighbor,XGBoost_CCM_ancestors,12,,,9,
Playgreen_Lake,XGBoost_CCM_ancestors,XGBoost_Stepwise,1,-1.126880531849724,0.25979299552789037,18,0.5903994550438507
Playgreen_Lake,XGBoost_CCM_ancestors,XGBoost_Stepwise,3,-0.9485031083700118,0.34287339114225324,18,0.6710739791431383
Playgreen_Lake,XGBoost_CCM_ancestors,XGBoost_Stepwise,6,1.1092017843687063,0.2673431430186317,15,0.5917820945300017
Playgreen_Lake,XGBoost_CCM_ancestors,XGBoost_Stepwise,12,,,9,
Playgreen_Lake,XGBoost_CCM_ancestors,XGBoost_AR_only,1,-0.621832907781725,0.5340517453311551,18,0.7765905292370071
Playgreen_Lake,XGBoost_CCM_ancestors,XGBoost_AR_only,3,-0.7878552079440747,0.4307814039109934,18,0.7079346231742702
Playgreen_Lake,XGBoost_CCM_ancestors,XGBoost_AR_only,6,0.5566742628693224,0.5777500045094448,15,0.8049822238562557
Playgreen_Lake,XGBoost_CCM_ancestors,XGBoost_AR_only,12,,,9,
Playgreen_Lake,XGBoost_CCM_ancestors,Persistence,1,-0.7828934587374727,0.43368967906171507,15,0.7079346231742702
Playgreen_Lake,XGBoost_CCM_ancestors,Persistence,3,-1.710876746976024,0.08710386800994963,12,0.36894686832565127
Playgreen_Lake,XGBoost_CCM_ancestors,Persistence,6,,,9,
Playgreen_Lake,XGBoost_CCM_ancestors,Persistence,12,,,8,
Playgreen_Lake,XGBoost_CCM_ancestors,XGBoost_all_vars,1,-0.755772422558075,0.4497856537559297,18,0.7177480273464315
Playgreen_Lake,XGBoost_CCM_ancestors,XGBoost_all_vars,3,-0.5978113385965947,0.5499658241431069,18,0.7868848946446402
Playgreen_Lake,XGBoost_CCM_ancestors,XGBoost_all_vars,6,2.02964933908766,0.04239219588536769,15,0.2138878974216279
Playgreen_Lake,XGBoost_CCM_ancestors,XGBoost_all_vars,12,,,9,
Playgreen_Lake,XGBoost_CCM_direct,XGBoost_AR_only,1,-0.41387188676877945,0.6789679337387953,18,0.8596818324525431
Playgreen_Lake,XGBoost_CCM_direct,XGBoost_AR_only,3,-0.6662569851191608,0.5052468547401598,18,0.7524288773242909
Playgreen_Lake,XGBoost_CCM_direct,XGBoost_AR_only,6,0.9659406861929324,0.33407386186599997,15,0.6710739791431383
Playgreen_Lake,XGBoost_CCM_direct,XGBoost_AR_only,12,,,9,
Rainy_Lake,XGBoost_CCM_ancestors,XGBoost_CCM_direct,1,-0.8368883760322385,0.4026553147804306,31,0.6947368902688258
Rainy_Lake,XGBoost_CCM_ancestors,XGBoost_CCM_direct,3,-0.03172941276066048,0.9746878386996738,29,1.0
Rainy_Lake,XGBoost_CCM_ancestors,XGBoost_CCM_direct,6,0.31564284282439525,0.7522736149797633,26,0.9077489249290843
Rainy_Lake,XGBoost_CCM_ancestors,XGBoost_CCM_direct,12,1.1804448897695623,0.23782331701861992,21,0.5697493853755428
Rainy_Lake,XGBoost_CCM_neighbor,XGBoost_CCM_ancestors,1,0.8179423103637905,0.41339012925352403,31,0.6952470355627449
Rainy_Lake,XGBoost_CCM_neighbor,XGBoost_CCM_ancestors,3,-0.27928419374218905,0.7800267354485593,29,0.9221682308193297
Rainy_Lake,XGBoost_CCM_neighbor,XGBoost_CCM_ancestors,6,-0.978209973411979,0.3279704847461242,26,0.6659400696369474
Rainy_Lake,XGBoost_CCM_neighbor,XGBoost_CCM_ancestors,12,1.133377109503006,0.2570559225791502,21,0.5903994550438507
Rainy_Lake,XGBoost_CCM_ancestors,XGBoost_Stepwise,1,0.010206047746587094,0.9918568934453853,31,1.0
Rainy_Lake,XGBoost_CCM_ancestors,XGBoost_Stepwise,3,0.8450805680589911,0.39806585695434404,29,0.6940101066272072
Rainy_Lake,XGBoost_CCM_ancestors,XGBoost_Stepwise,6,0.9293339658319437,0.35271603786721517,26,0.6710739791431383
Rainy_Lake,XGBoost_CCM_ancestors,XGBoost_Stepwise,12,0.7451857556513738,0.456159432775904,21,0.7199103844283223
Rainy_Lake,XGBoost_CCM_ancestors,XGBoost_AR_only,1,-0.3363625233167589,0.7365975067710324,31,0.8966156605758645
Rainy_Lake,XGBoost_CCM_ancestors,XGBoost_AR_only,3,0.14256828347628206,0.8866311476691495,29,0.9974600411277933
Rainy_Lake,XGBoost_CCM_ancestors,XGBoost_AR_only,6,0.5221740129307471,0.6015491779933724,26,0.8077253075475525
Rainy_Lake,XGBoost_CCM_ancestors,XGBoost_AR_only,12,1.1249109144489735,0.26062678646079895,21,0.5903994550438507
Rainy_Lake,XGBoost_CCM_ancestors,Persistence,1,-0.7305453067070712,0.46505692959966316,30,0.7270608335994734
Rainy_Lake,XGBoost_CCM_ancestors,Persistence,3,-0.9376639174798159,0.34841715242269,28,0.6710739791431383
Rainy_Lake,XGBoost_CCM_ancestors,Persistence,6,-0.9053970287640482,0.3652550892696542,25,0.6780886726365177
Rainy_Lake,XGBoost_CCM_ancestors,Persistence,12,-0.7562459110428875,0.44950177100438493,20,0.7177480273464315
Rainy_Lake,XGBoost_CCM_ancestors,XGBoost_all_vars,1,0.0984432575982694,0.9215803268752911,31,1.0
Rainy_Lake,XGBoost_CCM_ancestors,XGBoost_all_vars,3,1.020839427289351,0.3073305211142272,29,0.6396316470689853
Rainy_Lake,XGBoost_CCM_ancestors,XGBoost_all_vars,6,1.003846234913396,0.31545273495624526,26,0.6444525198799366
Rainy_Lake,XGBoost_CCM_ancestors,XGBoost_all_vars,12,0.9458654716535584,0.34421720658192934,21,0.6710739791431383
Rainy_Lake,XGBoost_CCM_direct,XGBoost_AR_only,1,2.095285373582881,0.0361456318912341,31,0.1973195970455894
Rainy_Lake,XGBoost_CCM_direct,XGBoost_AR_only,3,0.7107391931169419,0.47724586763133914,29,0.7301044084517897
Rainy_Lake,XGBoost_CCM_direct,XGBoost_AR_only,6,0.9429978114388095,0.3456820223641537,26,0.6710739791431383
Rainy_Lake,XGBoost_CCM_direct,XGBoost_AR_only,12,0.8728023755314515,0.3827708045869609,21,0.6853738806886186
Sipiwesk_Lake,XGBoost_CCM_ancestors,XGBoost_CCM_direct,1,-0.30885710074175476,0.7574302309867287,24,0.9105569202836846
Sipiwesk_Lake,XGBoost_CCM_ancestors,XGBoost_CCM_direct,3,-0.7087660528105248,0.4784696673127282,22,0.7301044084517897
Sipiwesk_Lake,XGBoost_CCM_ancestors,XGBoost_CCM_direct,6,-0.17082474936081454,0.8643615679296264,19,0.9857274045224849
Sipiwesk_Lake,XGBoost_CCM_ancestors,XGBoost_CCM_direct,12,522490.40319361945,0.0,13,0.0
Sipiwesk_Lake,XGBoost_CCM_neighbor,XGBoost_CCM_ancestors,1,1.24201844517973,0.21422975663604893,24,0.5517521778315678
Sipiwesk_Lake,XGBoost_CCM_neighbor,XGBoost_CCM_ancestors,3,1.695203873709091,0.09003675232937813,22,0.37015109290966564
Sipiwesk_Lake,XGBoost_CCM_neighbor,XGBoost_CCM_ancestors,6,0.7119779573327656,0.47647842581595046,19,0.7301044084517897
Sipiwesk_Lake,XGBoost_CCM_neighbor,XGBoost_CCM_ancestors,12,164803.917749859,0.0,13,0.0
Sipiwesk_Lake,XGBoost_CCM_ancestors,XGBoost_Stepwise,1,-0.5233287761861741,0.6007454790704971,24,0.8077253075475525
Sipiwesk_Lake,XGBoost_CCM_ancestors,XGBoost_Stepwise,3,-0.08935515961779988,0.928799658304899,22,1.0
Sipiwesk_Lake,XGBoost_CCM_ancestors,XGBoost_Stepwise,6,0.3724374261665041,0.7095671928370266,19,0.8842723564715644
Sipiwesk_Lake,XGBoost_CCM_ancestors,XGBoost_Stepwise,12,1279443.2779938595,0.0,13,0.0
Sipiwesk_Lake,XGBoost_CCM_ancestors,XGBoost_AR_only,1,-0.7499990358061379,0.453255285463674,24,0.7187333812352544
Sipiwesk_Lake,XGBoost_CCM_ancestors,XGBoost_AR_only,3,-1.5859122117231639,0.11275922525621485,22,0.4266911592081767
Sipiwesk_Lake,XGBoost_CCM_ancestors,XGBoost_AR_only,6,-2.765888201795699,0.005676799295209145,19,0.04500890869772965
Sipiwesk_Lake,XGBoost_CCM_ancestors,XGBoost_AR_only,12,-6.92536193209803,4.348521542851813e-12,13,1.3164160670633217e-10
Sipiwesk_Lake,XGBoost_CCM_ancestors,Persistence,1,-0.7060472484556569,0.4801587551079338,23,0.7301044084517897
Sipiwesk_Lake,XGBoost_CCM_ancestors,Persistence,3,-1.7675113563269793,0.07714262883813916,21,0.34251327204133786
Sipiwesk_Lake,XGBoost_CCM_ancestors,Persistence,6,-2.175607353153058,0.029584633046146447,18,0.16697767465028418
Sipiwesk_Lake,XGBoost_CCM_ancestors,Persistence,12,-4.801500578625911,1.574810539306526e-06,13,3.496079397260488e-05
Sipiwesk_Lake,XGBoost_CCM_ancestors,XGBoost_all_vars,1,-0.2340725099626029,0.8149286870177257,24,0.9488505341849743
Sipiwesk_Lake,XGBoost_CCM_ancestors,XGBoost_all_vars,3,-0.6599347657838889,0.5092956928412788,22,0.7537576254050927
Sipiwesk_Lake,XGBoost_CCM_ancestors,XGBoost_all_vars,6,0.09134156371228594,0.9272211929391538,19,1.0
Sipiwesk_Lake,XGBoost_CCM_ancestors,XGBoost_all_vars,12,1.494027472676565,0.13516843882661922,13,0.47171973388410715
Sipiwesk_Lake,XGBoost_CCM_direct,XGBoost_AR_only,1,-0.6391612290511614,0.5227180512789753,24,0.763443469631135
Sipiwesk_Lake,XGBoost_CCM_direct,XGBoost_AR_only,3,-1.7503658558162576,0.08005520381637754,22,0.34899240970399786
Sipiwesk_Lake,XGBoost_CCM_direct,XGBoost_AR_only,6,-2.8316704488319138,0.0046305546218683435,19,0.039537812540568165
Sipiwesk_Lake,XGBoost_CCM_direct,XGBoost_AR_only,12,-5.637372578902222,1.726642762100994e-08,13,4.106943141283078e-07
Skaha_Lake,XGBoost_all_vars,SARIMAX_all_vars,1,-0.45294851422806476,0.6505858157196971,37,0.8441820163334919
Skaha_Lake,XGBoost_all_vars,SARIMAX_all_vars,3,-0.8214576114375622,0.4113856593449383,35,0.6952470355627449
Skaha_Lake,XGBoost_all_vars,SARIMAX_all_vars,6,-1.3038876803087678,0.19227188134535922,32,0.5285500744269527
Skaha_Lake,XGBoost_all_vars,SARIMAX_all_vars,12,-5.756290330210317,8.598245893054468e-09,26,2.2024737556824135e-07
Split_Lake,XGBoost_CCM_ancestors,XGBoost_CCM_direct,1,-0.8881966609755368,0.3744349745727962,31,0.6813488881570553
Split_Lake,XGBoost_CCM_ancestors,XGBoost_CCM_direct,3,0.4744530541284851,0.635176867647063,29,0.8441820163334919
Split_Lake,XGBoost_CCM_ancestors,XGBoost_CCM_direct,6,-0.7100836955959192,0.47765223636147347,26,0.7301044084517897
Split_Lake,XGBoost_CCM_ancestors,XGBoost_CCM_direct,12,0.042442423137874524,0.9661460100267407,21,1.0
Split_Lake,XGBoost_CCM_neighbor,XGBoost_CCM_ancestors,1,0.797180336265028,0.4253463044708843,25,0.7046782059144501
Split_Lake,XGBoost_CCM_neighbor,XGBoost_CCM_ancestors,3,-0.44463159243449835,0.656586012703827,19,0.8441820163334919
Split_Lake,XGBoost_CCM_neighbor,XGBoost_CCM_ancestors,6,1.214492078720271,0.22455987286658718,10,0.5580480422729368
Split_Lake,XGBoost_CCM_ancestors,XGBoost_Stepwise,1,-0.37321062376880515,0.7089916898632542,31,0.8842723564715644
Split_Lake,XGBoost_CCM_ancestors,XGBoost_Stepwise,3,-0.0283092292338192,0.9774155196870438,29,1.0
Split_Lake,XGBoost_CCM_ancestors,XGBoost_Stepwise,6,-0.06346369903016415,0.949397264926068,26,1.0
Split_Lake,XGBoost_CCM_ancestors,XGBoost_Stepwise,12,-2.949616037277205,0.003181690696889561,21,0.031161853001888933
Split_Lake,XGBoost_CCM_ancestors,XGBoost_AR_only,1,-1.394435696888831,0.1631860748053815,31,0.49062976258874474
Split_Lake,XGBoost_CCM_ancestors,XGBoost_AR_only,3,-3.4239760650088256,0.0006171205602560903,29,0.008220045862611122
Split_Lake,XGBoost_CCM_ancestors,XGBoost_AR_only,6,-1.6248460780745986,0.10419536008303387,26,0.41306017747202717
Split_Lake,XGBoost_CCM_ancestors,XGBoost_AR_only,12,-3.293965110462574,0.0009878475924580687,21,0.011748330296019174
Split_Lake,XGBoost_CCM_ancestors,Persistence,1,-1.40100203095171,0.1612134657803086,30,0.49062976258874474
Split_Lake,XGBoost_CCM_ancestors,Persistence,3,-2.5797013635491024,0.009888578861739328,28,0.06860201585331659
Split_Lake,XGBoost_CCM_ancestors,Persistence,6,-2.409651131407009,0.01596778112187236,25,0.09846798358487954
Split_Lake,XGBoost_CCM_ancestors,Persistence,12,-8.514213973585717,0.0,20,0.0
Split_Lake,XGBoost_CCM_ancestors,XGBoost_all_vars,1,-0.5263109820227421,0.5986721539302755,31,0.8077253075475525
Split_Lake,XGBoost_CCM_ancestors,XGBoost_all_vars,3,-0.2783857237417847,0.7807162773501461,29,0.9221682308193297
Split_Lake,XGBoost_CCM_ancestors,XGBoost_all_vars,6,-0.9375307185574893,0.34848563010930267,26,0.6710739791431383
Split_Lake,XGBoost_CCM_ancestors,XGBoost_all_vars,12,-3.6642714458092907,0.0002480436188805335,21,0.0039332630993913174
Split_Lake,XGBoost_CCM_direct,XGBoost_AR_only,1,-1.0375145204961194,0.29949613208722536,31,0.6316007170888733
Split_Lake,XGBoost_CCM_direct,XGBoost_AR_only,3,-3.431416083095708,0.0006004388686033924,29,0.008220045862611122
Split_Lake,XGBoost_CCM_direct,XGBoost_AR_only,6,-1.4438449201675596,0.14878260305690727,26,0.47658416629687317
Split_Lake,XGBoost_CCM_direct,XGBoost_AR_only,12,-3.818694077284413,0.00013416001400146094,21,0.0024819602590270273
Vaseux_Lake,XGBoost_CCM_ancestors,XGBoost_CCM_direct,1,0.0,1.0,37,1.0
Vaseux_Lake,XGBoost_CCM_ancestors,XGBoost_CCM_direct,3,0.0,1.0,35,1.0
Vaseux_Lake,XGBoost_CCM_ancestors,XGBoost_CCM_direct,6,0.0,1.0,32,1.0
Vaseux_Lake,XGBoost_CCM_ancestors,XGBoost_CCM_direct,12,0.0,1.0,26,1.0
Vaseux_Lake,SARIMAX_CCM_ancestors,SARIMAX_CCM_direct,1,0.0,1.0,37,1.0
Vaseux_Lake,SARIMAX_CCM_ancestors,SARIMAX_CCM_direct,3,0.0,1.0,35,1.0
Vaseux_Lake,SARIMAX_CCM_ancestors,SARIMAX_CCM_direct,6,0.0,1.0,32,1.0
Vaseux_Lake,SARIMAX_CCM_ancestors,SARIMAX_CCM_direct,12,0.0,1.0,26,1.0
Vaseux_Lake,XGBoost_CCM_neighbor,XGBoost_CCM_ancestors,1,-0.19637885032059632,0.8443136489556555,37,0.9695049831111493
Vaseux_Lake,XGBoost_CCM_neighbor,XGBoost_CCM_ancestors,3,-0.5420472605624513,0.5877859489609469,35,0.8077253075475525
Vaseux_Lake,XGBoost_CCM_neighbor,XGBoost_CCM_ancestors,6,-1.3699297833994235,0.17070882146948962,32,0.49062976258874474
Vaseux_Lake,XGBoost_CCM_neighbor,XGBoost_CCM_ancestors,12,-3.110845548698817,0.00186552486626268,26,0.018824841832287043
Vaseux_Lake,SARIMAX_CCM_neighbor,SARIMAX_CCM_ancestors,1,-1.062267116802431,0.28811443806785064,37,0.6150135120294504
Vaseux_Lake,SARIMAX_CCM_neighbor,SARIMAX_CCM_ancestors,3,-0.7079365659283505,0.4789846509560909,35,0.7301044084517897
Vaseux_Lake,SARIMAX_CCM_neighbor,SARIMAX_CCM_ancestors,6,-0.15982658504228756,0.8730176814421511,32,0.9922009826629226
Vaseux_Lake,SARIMAX_CCM_neighbor,SARIMAX_CCM_ancestors,12,0.03452636972867462,0.9724574148774607,26,1.0
Vaseux_Lake,XGBoost_CCM_ancestors,XGBoost_Stepwise,1,1.0095024060240463,0.3127337483149528,37,0.6428415937585141
Vaseux_Lake,XGBoost_CCM_ancestors,XGBoost_Stepwise,3,1.4610052494093333,0.14401400082926075,35,0.47658416629687317
Vaseux_Lake,XGBoost_CCM_ancestors,XGBoost_Stepwise,6,1.4698062477165958,0.14161423657391325,32,0.47633879574861726
Vaseux_Lake,XGBoost_CCM_ancestors,XGBoost_Stepwise,12,61697.75621471626,0.0,26,0.0
Vaseux_Lake,SARIMAX_CCM_ancestors,SARIMAX_Stepwise,1,0.4725817387077423,0.6365116133498872,37,0.8441820163334919
Vaseux_Lake,SARIMAX_CCM_ancestors,SARIMAX_Stepwise,3,0.8735351863722626,0.3823714361511037,35,0.6853738806886186
Vaseux_Lake,SARIMAX_CCM_ancestors,SARIMAX_Stepwise,6,0.8585146167488132,0.3906083628591328,32,0.6882147345613293
Vaseux_Lake,SARIMAX_CCM_ancestors,SARIMAX_Stepwise,12,1.8640294007711018,0.06231757567224849,26,0.28821878748414925
Vaseux_Lake,XGBoost_CCM_ancestors,XGBoost_AR_only,1,-0.8651839986487767,0.38693780651489584,37,0.6853738806886186
Vaseux_Lake,XGBoost_CCM_ancestors,XGBoost_AR_only,3,-0.4543005641940531,0.649612510046166,35,0.8441820163334919
Vaseux_Lake,XGBoost_CCM_ancestors,XGBoost_AR_only,6,0.014168660966557754,0.988695422402921,32,1.0
Vaseux_Lake,XGBoost_CCM_ancestors,XGBoost_AR_only,12,8.776544767625829,0.0,26,0.0
Vaseux_Lake,XGBoost_CCM_ancestors,Persistence,1,-0.3155178790159132,0.7523684783196014,37,0.9077489249290843
Vaseux_Lake,XGBoost_CCM_ancestors,Persistence,3,-1.1944518974502132,0.23230124636422866,35,0.5646446353232711
Vaseux_Lake,XGBoost_CCM_ancestors,Persistence,6,-1.5587574128133828,0.11905380738219917,32,0.4421702332772688
Vaseux_Lake,XGBoost_CCM_ancestors,Persistence,12,-0.9130815513384001,0.36119965235699913,26,0.6757274395218017
Vaseux_Lake,XGBoost_CCM_ancestors,XGBoost_all_vars,1,0.6768669047855883,0.49849040388718624,37,0.7511190248616878
Vaseux_Lake,XGBoost_CCM_ancestors,XGBoost_all_vars,3,1.369285440022677,0.17091006744833148,35,0.49062976258874474
Vaseux_Lake,XGBoost_CCM_ancestors,XGBoost_all_vars,6,1.4462056533264522,0.1481195285444552,32,0.47658416629687317
Vaseux_Lake,XGBoost_CCM_ancestors,XGBoost_all_vars,12,18.48865336759949,0.0,26,0.0
Vaseux_Lake,XGBoost_CCM_direct,XGBoost_AR_only,1,-0.8651839986487767,0.38693780651489584,37,0.6853738806886186
Vaseux_Lake,XGBoost_CCM_direct,XGBoost_AR_only,3,-0.4543005641940531,0.649612510046166,35,0.8441820163334919
Vaseux_Lake,XGBoost_CCM_direct,XGBoost_AR_only,6,0.014168660966557754,0.988695422402921,32,1.0
Vaseux_Lake,XGBoost_CCM_direct,XGBoost_AR_only,12,8.776544767625829,0.0,26,0.0
Vaseux_Lake,SARIMAX_CCM_ancestors,SARIMA,1,0.2989372898593291,0.7649878940976744,37,0.9163344199083655
Vaseux_Lake,SARIMAX_CCM_ancestors,SARIMA,3,0.5622482820582149,0.5739468697174517,35,0.8049822238562557
Vaseux_Lake,SARIMAX_CCM_ancestors,SARIMA,6,0.6651916098409231,0.5059279461942161,32,0.7524288773242909
Vaseux_Lake,SARIMAX_CCM_ancestors,SARIMA,12,-0.08330877739739208,0.9336060212043031,26,1.0
Vaseux_Lake,SARIMAX_CCM_ancestors,Persistence,1,-1.2891359922843795,0.19735081266445853,37,0.5324564818894096
Vaseux_Lake,SARIMAX_CCM_ancestors,Persistence,3,-3.1276018053449626,0.0017623877226051743,35,0.018824841832287043
Vaseux_Lake,SARIMAX_CCM_ancestors,Persistence,6,-3.3793273978065628,0.0007266341842295798,32,0.009306507051863463
Vaseux_Lake,SARIMAX_CCM_ancestors,Persistence,12,-1.9492363341568053,0.05126720772279447,26,0.25105853193662586
Vaseux_Lake,XGBoost_CCM_ancestors,SARIMAX_CCM_ancestors,1,1.099406157002943,0.2715909463834121,37,0.594998586484712
Vaseux_Lake,XGBoost_CCM_ancestors,SARIMAX_CCM_ancestors,3,0.6447705778705624,0.5190758712776322,35,0.7614637230636632
Vaseux_Lake,XGBoost_CCM_ancestors,SARIMAX_CCM_ancestors,6,0.7998855144107636,0.42377713122054894,32,0.7046782059144501
Vaseux_Lake,XGBoost_CCM_ancestors,SARIMAX_CCM_ancestors,12,53418.63941695628,0.0,26,0.0
Vaseux_Lake,XGBoost_all_vars,SARIMAX_all_vars,1,1.1196344679158623,0.26286956119014904,37,0.5914565126778354
Vaseux_Lake,XGBoost_all_vars,SARIMAX_all_vars,3,0.33482668593253867,0.7377558288221828,35,0.8966156605758645
Vaseux_Lake,XGBoost_all_vars,SARIMAX_all_vars,6,0.571635210327775,0.5675691361369581,32,0.8008496709051146
Vaseux_Lake,XGBoost_all_vars,SARIMAX_all_vars,12,-1.4144042704235726,0.15724323695583076,26,0.4865722083945754
