lake,method,rmse,mae,nse,pbias,n_eval,n_selected_vars,arima_order,arima_seasonal_order,min_exog_lag,n_foresight_free_months,frac_foresight_free,status
Kalamalka_Lake,SARIMA,0.19881222652864056,0.15939048643041268,-1.6343479424155665,88.1343050912868,37.0,0.0,"(1, 0, 1)","(0, 0, 0, 12)",,37.0,1.0,
Kalamalka_Lake,Persistence,0.1351858082757396,0.10876841126841129,-0.2180052537066377,-34.34545370232001,37.0,0.0,,,,37.0,1.0,
Kalamalka_Lake,XGBoost_AR_only,0.18692041570200135,0.1613359270426753,-1.3286297088631316,93.44214417599618,37.0,0.0,,,,37.0,1.0,
Kalamalka_Lake,SARIMAX_all_vars,0.19095370362645406,0.1566352798002712,-1.4302062292799866,86.82123379012037,37.0,6.0,"(1, 0, 1)","(1, 0, 0, 12)",1.0,1.0,0.02702702702702703,
Kalamalka_Lake,XGBoost_all_vars,0.20184990797673008,0.17073712760272253,-1.715464121757441,100.50404861006265,37.0,6.0,,,1.0,1.0,0.02702702702702703,
Kalamalka_Lake,SARIMAX_CCM_direct,0.20036664332295345,0.16258722303342968,-1.6757023669337832,91.45525738808139,37.0,3.0,"(2, 0, 0)","(0, 0, 0, 12)",1.0,1.0,0.02702702702702703,
Kalamalka_Lake,XGBoost_CCM_direct,0.22937941655136895,0.1797501850439253,-2.5066776469775847,103.76804826182467,37.0,3.0,,,1.0,1.0,0.02702702702702703,
Kalamalka_Lake,SARIMAX_CCM_ancestors,0.1993078016880289,0.15788792527259052,-1.6474974809776097,84.51623535170954,37.0,6.0,"(1, 0, 2)","(0, 0, 0, 12)",1.0,1.0,0.02702702702702703,
Kalamalka_Lake,XGBoost_CCM_ancestors,0.22829952210624632,0.18795724122544927,-2.4737372224175167,106.46226722844452,37.0,6.0,,,1.0,1.0,0.02702702702702703,
Kalamalka_Lake,SARIMAX_Stepwise,0.19160824243044577,0.15658283062741243,-1.4468949913911944,85.5206863017081,37.0,4.0,"(1, 0, 1)","(0, 0, 0, 12)",1.0,1.0,0.02702702702702703,
Kalamalka_Lake,XGBoost_Stepwise,0.21115429465872676,0.18405113020622912,-1.9715756805699476,107.40370907663647,37.0,4.0,,,1.0,1.0,0.02702702702702703,
Kalamalka_Lake,SARIMAX_CCM_neighbor,,,,,,,,,,,,ERROR: ValueError: 测试期外生变量缺口超过MAX_FILLABLE_GAP_MONTHS上限，SARIMAX无法完成整块预测
Kalamalka_Lake,XGBoost_CCM_neighbor,,,,,0.0,11.0,,,1.0,1.0,0.02702702702702703,
Kiskitto_Lake,SARIMA,0.23704618016146395,0.1858078715580167,-1.2894616976133508,-80.98329716550853,24.0,0.0,"(1, 1, 0)","(0, 0, 0, 12)",,37.0,1.0,
Kiskitto_Lake,Persistence,0.22875132649219426,0.1765764923576043,-1.1320368259231008,-75.925630035151,24.0,0.0,,,,37.0,1.0,
Kiskitto_Lake,XGBoost_AR_only,0.2959297399602739,0.23566987055647814,-2.568162992314156,65.77685453654557,24.0,0.0,,,,37.0,1.0,
Kiskitto_Lake,SARIMAX_all_vars,,,,,,,,,,,,ERROR: ValueError: 测试期外生变量缺口超过MAX_FILLABLE_GAP_MONTHS上限，SARIMAX无法完成整块预测
Kiskitto_Lake,XGBoost_all_vars,0.3608443176451831,0.2653180157413762,-4.305266453096826,58.332584680194024,24.0,6.0,,,1.0,1.0,0.02702702702702703,
Kiskitto_Lake,SARIMAX_CCM_direct,0.23470159255452944,0.18496425254879967,-1.2443962402545887,-81.0384215506819,24.0,1.0,"(1, 1, 0)","(0, 0, 0, 12)",1.0,1.0,0.02702702702702703,
Kiskitto_Lake,XGBoost_CCM_direct,0.12546915313920487,0.09092651877186834,0.35858163127105835,-1.8060529708093571,24.0,1.0,,,1.0,1.0,0.02702702702702703,
Kiskitto_Lake,SARIMAX_CCM_ancestors,0.23470159255452944,0.18496425254879967,-1.2443962402545887,-81.0384215506819,24.0,1.0,"(1, 1, 0)","(0, 0, 0, 12)",1.0,1.0,0.02702702702702703,
Kiskitto_Lake,XGBoost_CCM_ancestors,0.12546915313920487,0.09092651877186834,0.35858163127105835,-1.8060529708093571,24.0,1.0,,,1.0,1.0,0.02702702702702703,
Kiskitto_Lake,SARIMAX_Stepwise,,,,,,,,,,,,ERROR: ValueError: 测试期外生变量缺口超过MAX_FILLABLE_GAP_MONTHS上限，SARIMAX无法完成整块预测
Kiskitto_Lake,XGBoost_Stepwise,0.2074024944371275,0.1700878933340988,-0.7526508598657213,26.04974906332563,24.0,5.0,,,1.0,1.0,0.02702702702702703,
Lake_of_the_Woods,SARIMA,0.34828607426691777,0.1978802649864503,-0.18734679988559066,357.54588604544847,37.0,0.0,"(2, 1, 3)","(0, 0, 2, 12)",,37.0,1.0,
Lake_of_the_Woods,Persistence,0.452420689021841,0.32018938985062523,-1.0035043026255868,727.9673330050963,37.0,0.0,,,,37.0,1.0,
Lake_of_the_Woods,XGBoost_AR_only,0.3251644584511456,0.1850351657834777,-0.03493126050517703,300.40162646808136,37.0,0.0,,,,37.0,1.0,
Lake_of_the_Woods,SARIMAX_all_vars,,,,,,,,,,,,ERROR: ValueError: 测试期外生变量缺口超过MAX_FILLABLE_GAP_MONTHS上限，SARIMAX无法完成整块预测
Lake_of_the_Woods,XGBoost_all_vars,0.2714640075550127,0.16746525768410336,0.3501272759044337,220.22767524330027,32.0,6.0,,,1.0,1.0,0.02702702702702703,
Lake_of_the_Woods,SARIMAX_CCM_direct,,,,,,,,,,,,ERROR: ValueError: 测试期外生变量缺口超过MAX_FILLABLE_GAP_MONTHS上限，SARIMAX无法完成整块预测
Lake_of_the_Woods,XGBoost_CCM_direct,0.3268379328427106,0.204807583359365,0.05796138074962298,191.77470036843414,32.0,4.0,,,1.0,1.0,0.02702702702702703,
Lake_of_the_Woods,SARIMAX_CCM_ancestors,,,,,,,,,,,,ERROR: ValueError: 测试期外生变量缺口超过MAX_FILLABLE_GAP_MONTHS上限，SARIMAX无法完成整块预测
Lake_of_the_Woods,XGBoost_CCM_ancestors,0.3282441827531592,0.18467738364656938,0.04983752790766072,203.94525595080108,32.0,6.0,,,1.0,1.0,0.02702702702702703,
Lake_of_the_Woods,SARIMAX_Stepwise,,,,,,,,,,,,ERROR: ValueError: 测试期外生变量缺口超过MAX_FILLABLE_GAP_MONTHS上限，SARIMAX无法完成整块预测
Lake_of_the_Woods,XGBoost_Stepwise,0.2599343823840952,0.16535925373752036,0.4041578049428721,217.83144173185596,32.0,5.0,,,1.0,1.0,0.02702702702702703,
Lake_of_the_Woods,SARIMAX_CCM_neighbor,,,,,,,,,,,,ERROR: ValueError: 测试期外生变量缺口超过MAX_FILLABLE_GAP_MONTHS上限，SARIMAX无法完成整块预测
Lake_of_the_Woods,XGBoost_CCM_neighbor,0.28858432811575613,0.17490491192573288,0.26557190474449754,126.2910601118556,32.0,7.0,,,1.0,1.0,0.02702702702702703,
Okanagan_Lake,SARIMA,0.0932004377501492,0.07667088614287798,-0.23009151180833531,76.23264367659017,37.0,0.0,"(1, 0, 1)","(0, 0, 0, 12)",,37.0,1.0,
Okanagan_Lake,Persistence,0.1970432013924018,0.17822597597597584,-4.498249294786799,-269.06781993698246,37.0,0.0,,,,37.0,1.0,
Okanagan_Lake,XGBoost_AR_only,0.14213673047726505,0.10859588903335413,-1.8609756394344599,-81.57869637207344,37.0,0.0,,,,37.0,1.0,
Okanagan_Lake,SARIMAX_all_vars,0.06772439885447368,0.05632126706316078,0.35048103723893964,28.419987834838313,37.0,6.0,"(1, 0, 2)","(0, 0, 0, 12)",1.0,1.0,0.02702702702702703,
Okanagan_Lake,XGBoost_all_vars,0.08902007892469826,0.06685736766621207,-0.12221861223418795,5.850832451576028,37.0,6.0,,,1.0,1.0,0.02702702702702703,
Okanagan_Lake,SARIMAX_CCM_direct,0.10201954756288219,0.08275209232187337,-0.4739009666610654,70.2722312600135,37.0,2.0,"(3, 0, 0)","(0, 0, 0, 12)",1.0,1.0,0.02702702702702703,
Okanagan_Lake,XGBoost_CCM_direct,0.11448567001258515,0.08596008834406789,-0.8561102864679699,7.59742687917809,37.0,2.0,,,1.0,1.0,0.02702702702702703,
Okanagan_Lake,SARIMAX_CCM_ancestors,0.10143751339575825,0.0831710046794444,-0.45713136434264867,73.39810022758154,37.0,6.0,"(3, 0, 2)","(1, 0, 0, 12)",1.0,1.0,0.02702702702702703,
Okanagan_Lake,XGBoost_CCM_ancestors,0.17773142630700492,0.13896991341098652,-3.473320030515085,-73.79165190249746,37.0,6.0,,,1.0,1.0,0.02702702702702703,
Okanagan_Lake,SARIMAX_Stepwise,0.07562150433401459,0.06000342379463847,0.1901732049717212,5.79278915058251,37.0,5.0,"(1, 0, 3)","(1, 0, 0, 12)",1.0,1.0,0.02702702702702703,
Okanagan_Lake,XGBoost_Stepwise,0.07979384575229125,0.06419178875321095,0.09834517497378892,-4.099985702402542,37.0,5.0,,,1.0,1.0,0.02702702702702703,
Okanagan_Lake,SARIMAX_CCM_neighbor,,,,,,,,,,,,ERROR: ValueError: 测试期外生变量缺口超过MAX_FILLABLE_GAP_MONTHS上限，SARIMAX无法完成整块预测
Okanagan_Lake,XGBoost_CCM_neighbor,0.12820942221801102,0.11827048185956542,-2.6403214982255547,-90.65674815424853,6.0,9.0,,,1.0,1.0,0.02702702702702703,
Playgreen_Lake,SARIMA,0.34621180949308294,0.2608200553134553,-0.277729077256039,170.02746136828247,18.0,0.0,"(2, 0, 2)","(0, 0, 0, 12)",,37.0,1.0,
Playgreen_Lake,Persistence,,,,,0.0,0.0,,,,37.0,1.0,
Playgreen_Lake,XGBoost_AR_only,0.36228516635933106,0.24781218414425155,-0.3991237449124374,373.1540038788226,18.0,0.0,,,,37.0,1.0,
Playgreen_Lake,SARIMAX_all_vars,,,,,,,,,,,,ERROR: ValueError: 测试期外生变量缺口超过MAX_FILLABLE_GAP_MONTHS上限，SARIMAX无法完成整块预测
Playgreen_Lake,XGBoost_all_vars,0.3827973980137451,0.2821473001822075,-0.5620429699666687,491.75887288795343,18.0,6.0,,,1.0,1.0,0.02702702702702703,
Playgreen_Lake,SARIMAX_CCM_direct,,,,,,,,,,,,ERROR: ValueError: 测试期外生变量缺口超过MAX_FILLABLE_GAP_MONTHS上限，SARIMAX无法完成整块预测
Playgreen_Lake,XGBoost_CCM_direct,0.5140444834577323,0.46511998369114516,-1.816802698356006,969.8611910897419,18.0,3.0,,,1.0,1.0,0.02702702702702703,
Playgreen_Lake,SARIMAX_CCM_ancestors,,,,,,,,,,,,ERROR: ValueError: 测试期外生变量缺口超过MAX_FILLABLE_GAP_MONTHS上限，SARIMAX无法完成整块预测
Playgreen_Lake,XGBoost_CCM_ancestors,0.4915710838801287,0.4438145468018146,-1.5758921679087732,925.4354146821331,18.0,6.0,,,1.0,1.0,0.02702702702702703,
Playgreen_Lake,SARIMAX_Stepwise,,,,,,,,,,,,ERROR: ValueError: 测试期外生变量缺口超过MAX_FILLABLE_GAP_MONTHS上限，SARIMAX无法完成整块预测
Playgreen_Lake,XGBoost_Stepwise,0.3826318018421622,0.2718693415953955,-0.5606917988890951,449.816038944137,18.0,4.0,,,1.0,1.0,0.02702702702702703,
Playgreen_Lake,SARIMAX_CCM_neighbor,,,,,,,,,,,,ERROR: ValueError: 测试期外生变量缺口超过MAX_FILLABLE_GAP_MONTHS上限，SARIMAX无法完成整块预测
Playgreen_Lake,XGBoost_CCM_neighbor,0.4905526559689426,0.4429421500412979,-1.565229852524502,923.6163060845129,18.0,8.0,,,1.0,1.0,0.02702702702702703,
Rainy_Lake,SARIMA,0.24701152510116933,0.1572250217341381,-0.11946857963898205,-15.498508296789684,36.0,0.0,"(2, 1, 2)","(1, 0, 2, 12)",,37.0,1.0,
Rainy_Lake,Persistence,0.3044905587954211,0.20262287446912966,-0.7010815601972449,187.03206770586775,36.0,0.0,,,,37.0,1.0,
Rainy_Lake,XGBoost_AR_only,0.2567160054613878,0.14932193356630327,-0.2091588735495591,117.9317719049065,36.0,0.0,,,,37.0,1.0,
Rainy_Lake,SARIMAX_all_vars,,,,,,,,,,,,ERROR: ValueError: 测试期外生变量缺口超过MAX_FILLABLE_GAP_MONTHS上限，SARIMAX无法完成整块预测
Rainy_Lake,XGBoost_all_vars,0.24522976222450615,0.14701858721655886,-0.002111456683747903,49.75240158710471,31.0,6.0,,,1.0,1.0,0.02702702702702703,
Rainy_Lake,SARIMAX_CCM_direct,,,,,,,,,,,,ERROR: ValueError: 测试期外生变量缺口超过MAX_FILLABLE_GAP_MONTHS上限，SARIMAX无法完成整块预测
Rainy_Lake,XGBoost_CCM_direct,0.26962566986995057,0.1553543686557334,-0.21141276977861234,94.96822684503516,31.0,1.0,,,1.0,1.0,0.02702702702702703,
Rainy_Lake,SARIMAX_CCM_ancestors,,,,,,,,,,,,ERROR: ValueError: 测试期外生变量缺口超过MAX_FILLABLE_GAP_MONTHS上限，SARIMAX无法完成整块预测
Rainy_Lake,XGBoost_CCM_ancestors,0.32001549588503947,0.20267652850346593,-0.7065212079929513,144.08208525618267,31.0,6.0,,,1.0,1.0,0.02702702702702703,
Rainy_Lake,SARIMAX_Stepwise,,,,,,,,,,,,ERROR: ValueError: 测试期外生变量缺口超过MAX_FILLABLE_GAP_MONTHS上限，SARIMAX无法完成整块预测
Rainy_Lake,XGBoost_Stepwise,0.24632031862536088,0.15357135388710724,-0.011044214840256528,31.5970612065792,31.0,4.0,,,1.0,1.0,0.02702702702702703,
Rainy_Lake,SARIMAX_CCM_neighbor,,,,,,,,,,,,ERROR: ValueError: 测试期外生变量缺口超过MAX_FILLABLE_GAP_MONTHS上限，SARIMAX无法完成整块预测
Rainy_Lake,XGBoost_CCM_neighbor,0.29422050122546606,0.18447779300971992,-0.4424990478404571,126.22984955406811,31.0,7.0,,,1.0,1.0,0.02702702702702703,
Sipiwesk_Lake,SARIMA,1.3764081040569933,1.1573718400809982,-0.05823911031752815,-115.1393661493049,24.0,0.0,"(3, 0, 3)","(2, 0, 0, 12)",,37.0,1.0,
Sipiwesk_Lake,Persistence,1.80626602488264,1.3071457564161573,-0.8224381255484301,-902.4216308842396,24.0,0.0,,,,37.0,1.0,
Sipiwesk_Lake,XGBoost_AR_only,1.3599938013073551,0.990189879761291,-0.03314962862189508,-424.96554531408003,24.0,0.0,,,,37.0,1.0,
Sipiwesk_Lake,SARIMAX_all_vars,,,,,,,,,,,,ERROR: ValueError: 测试期外生变量缺口超过MAX_FILLABLE_GAP_MONTHS上限，SARIMAX无法完成整块预测
Sipiwesk_Lake,XGBoost_all_vars,0.8924185035982716,0.6574239783145851,0.5551367820551506,-45.34340125857526,24.0,6.0,,,1.0,1.0,0.02702702702702703,
Sipiwesk_Lake,SARIMAX_CCM_direct,,,,,,,,,,,,ERROR: ValueError: 测试期外生变量缺口超过MAX_FILLABLE_GAP_MONTHS上限，SARIMAX无法完成整块预测
Sipiwesk_Lake,XGBoost_CCM_direct,0.8370806138726069,0.6446469700122938,0.6085971944288499,-4.926240818383537,24.0,1.0,,,1.0,1.0,0.02702702702702703,
Sipiwesk_Lake,SARIMAX_CCM_ancestors,,,,,,,,,,,,ERROR: ValueError: 测试期外生变量缺口超过MAX_FILLABLE_GAP_MONTHS上限，SARIMAX无法完成整块预测
Sipiwesk_Lake,XGBoost_CCM_ancestors,0.8854519552086861,0.6741800876357497,0.5620552054719178,38.23605402165563,24.0,6.0,,,1.0,1.0,0.02702702702702703,
Sipiwesk_Lake,SARIMAX_Stepwise,,,,,,,,,,,,ERROR: ValueError: 测试期外生变量缺口超过MAX_FILLABLE_GAP_MONTHS上限，SARIMAX无法完成整块预测
Sipiwesk_Lake,XGBoost_Stepwise,0.7996382574156291,0.5719141879685404,0.6428287495571932,-127.24710767800342,24.0,5.0,,,1.0,1.0,0.02702702702702703,
Sipiwesk_Lake,SARIMAX_CCM_neighbor,,,,,,,,,,,,ERROR: ValueError: 测试期外生变量缺口超过MAX_FILLABLE_GAP_MONTHS上限，SARIMAX无法完成整块预测
Sipiwesk_Lake,XGBoost_CCM_neighbor,0.9038570969639825,0.6994507635461318,0.5436596082553107,6.92060708305054,24.0,9.0,,,1.0,1.0,0.02702702702702703,
Skaha_Lake,SARIMA,0.06258716492160338,0.05270873022380046,-0.42448018645704844,90.83724451856737,37.0,0.0,"(1, 0, 0)","(0, 0, 0, 12)",,37.0,1.0,
Skaha_Lake,Persistence,0.07236733252099611,0.05619950235950241,-0.9044561772398962,-150.37606939985824,37.0,0.0,,,,37.0,1.0,
Skaha_Lake,XGBoost_AR_only,0.06766299428792787,0.05734944641120577,-0.6649004844725719,85.72985364166878,37.0,0.0,,,,37.0,1.0,
Skaha_Lake,SARIMAX_all_vars,0.055843366414511195,0.04824832581354401,-0.13404173143112375,63.4892149017484,37.0,6.0,"(1, 0, 0)","(0, 0, 0, 12)",1.0,1.0,0.02702702702702703,
Skaha_Lake,XGBoost_all_vars,0.05005112823215517,0.04206736328948128,0.08901002558069504,30.98611221482533,37.0,6.0,,,1.0,1.0,0.02702702702702703,
Skaha_Lake,SARIMAX_Stepwise,0.057317035500654624,0.04904185872574159,-0.1946846799270685,73.30094323705342,37.0,3.0,"(1, 0, 0)","(0, 0, 0, 12)",1.0,1.0,0.02702702702702703,
Skaha_Lake,XGBoost_Stepwise,0.05189163200349069,0.042587845661972996,0.02077946263644015,-8.50623912385853,37.0,3.0,,,1.0,1.0,0.02702702702702703,
Split_Lake,SARIMA,1.2426367217893497,0.9841478622835717,-1.682676658947956,-345.44539941001307,36.0,0.0,"(0, 1, 1)","(0, 0, 0, 12)",,37.0,1.0,
Split_Lake,Persistence,1.2302812872924755,0.9685004070004166,-1.6295946068958744,-339.95299156440996,36.0,0.0,,,,37.0,1.0,
Split_Lake,XGBoost_AR_only,1.069168730391658,0.8943202551482616,-0.9859689803986011,26.703404187632515,36.0,0.0,,,,37.0,1.0,
Split_Lake,SARIMAX_all_vars,,,,,,,,,,,,ERROR: ValueError: 测试期外生变量缺口超过MAX_FILLABLE_GAP_MONTHS上限，SARIMAX无法完成整块预测
Split_Lake,XGBoost_all_vars,0.5523114037690391,0.46578420764922435,0.5346422265623173,-188.87911502355254,31.0,6.0,,,1.0,1.0,0.02702702702702703,
Split_Lake,SARIMAX_CCM_direct,,,,,,,,,,,,ERROR: ValueError: 测试期外生变量缺口超过MAX_FILLABLE_GAP_MONTHS上限，SARIMAX无法完成整块预测
Split_Lake,XGBoost_CCM_direct,0.4860884184732008,0.3913698676009225,0.6395462902562272,-41.54768987736576,31.0,2.0,,,1.0,1.0,0.02702702702702703,
Split_Lake,SARIMAX_CCM_ancestors,,,,,,,,,,,,ERROR: ValueError: 测试期外生变量缺口超过MAX_FILLABLE_GAP_MONTHS上限，SARIMAX无法完成整块预测
Split_Lake,XGBoost_CCM_ancestors,0.5103970668259398,0.40381770991709415,0.602593201889341,-17.5063413391449,31.0,4.0,,,1.0,1.0,0.02702702702702703,
Split_Lake,SARIMAX_Stepwise,,,,,,,,,,,,ERROR: ValueError: 测试期外生变量缺口超过MAX_FILLABLE_GAP_MONTHS上限，SARIMAX无法完成整块预测
Split_Lake,XGBoost_Stepwise,0.4964734844150127,0.41751852543024376,0.6239798922009447,-165.3030881376992,31.0,4.0,,,1.0,1.0,0.02702702702702703,
Split_Lake,SARIMAX_CCM_neighbor,,,,,,,,,,,,ERROR: ValueError: 测试期外生变量缺口超过MAX_FILLABLE_GAP_MONTHS上限，SARIMAX无法完成整块预测
Split_Lake,XGBoost_CCM_neighbor,0.7960269534169303,0.6230260804629969,-0.23631522242959924,-139.65893758741802,6.0,8.0,,,1.0,1.0,0.02702702702702703,
Vaseux_Lake,SARIMA,0.09664303805948944,0.07143334316831562,0.14226080670273755,3.042014138417064,37.0,0.0,"(1, 1, 2)","(0, 0, 2, 12)",,37.0,1.0,
Vaseux_Lake,Persistence,0.10505913798547241,0.07489947089947104,-0.013635409377520835,-25.03496256948575,37.0,0.0,,,,37.0,1.0,
Vaseux_Lake,XGBoost_AR_only,0.10704945158789746,0.0760264423758097,-0.052405237391488724,51.27344482768148,37.0,0.0,,,,37.0,1.0,
Vaseux_Lake,SARIMAX_all_vars,0.09850278243081632,0.0766328215595572,0.10893147431895533,59.85368382316957,37.0,5.0,"(1, 0, 0)","(0, 0, 0, 12)",1.0,1.0,0.02702702702702703,
Vaseux_Lake,XGBoost_all_vars,0.09663694151099171,0.06728039815140109,0.14236902109161786,40.12487216851248,37.0,5.0,,,1.0,1.0,0.02702702702702703,
Vaseux_Lake,SARIMAX_CCM_direct,0.11226656462060303,0.08240402274824087,-0.15748393996935062,-122.30137388057248,37.0,4.0,"(1, 1, 1)","(0, 0, 0, 12)",1.0,1.0,0.02702702702702703,
Vaseux_Lake,XGBoost_CCM_direct,0.1142582842062417,0.08530420442998414,-0.19891806292697645,104.01255007575007,37.0,4.0,,,1.0,1.0,0.02702702702702703,
Vaseux_Lake,SARIMAX_CCM_ancestors,0.11226656462060303,0.08240402274824087,-0.15748393996935062,-122.30137388057248,37.0,4.0,"(1, 1, 1)","(0, 0, 0, 12)",1.0,1.0,0.02702702702702703,
Vaseux_Lake,XGBoost_CCM_ancestors,0.1142582842062417,0.08530420442998414,-0.19891806292697645,104.01255007575007,37.0,4.0,,,1.0,1.0,0.02702702702702703,
Vaseux_Lake,SARIMAX_Stepwise,0.0985027819162807,0.07663282111975903,0.10893148362806271,59.85368227685071,37.0,5.0,"(1, 0, 0)","(0, 0, 0, 12)",1.0,1.0,0.02702702702702703,
Vaseux_Lake,XGBoost_Stepwise,0.09348385100644743,0.06574295783853046,0.19742191586881785,24.83818752813496,37.0,5.0,,,1.0,1.0,0.02702702702702703,
Vaseux_Lake,SARIMAX_CCM_neighbor,0.11784949508636372,0.0895555820129584,-0.27546797775563525,-160.13795582466634,37.0,7.0,"(1, 1, 1)","(2, 0, 1, 12)",1.0,1.0,0.02702702702702703,
Vaseux_Lake,XGBoost_CCM_neighbor,0.11247991027465544,0.07938561840629739,-0.1618873669222478,94.67537417514718,37.0,7.0,,,1.0,1.0,0.02702702702702703,
